wallet,reward(%),EIGEN,,EIGEN TO DISTRIBUTE,"12,493.22"
0x68242cfeDA40Ff286b045D388f4c5859713027AE,33.65324359,"4,204.373759065820000",,,
0x85bD43dBb99A2290E4cD930fc6B952D903f83fFb,18.64224945,"2,329.017236520100000",,,
0xED31BeCD06fBFC54E9d4294059e473254265eAb2,16.98176487,"2,121.569245063340000",,,
0x4f2204D3c9965F031f9147B0558D01D6b56ce442,2.484873292,310.440687097139000,,,
0x6251Af50ea360b715bC42eA8fe416a74AEaa7624,1.714322387,214.174067337271000,,,
0x4e3B22B00EedeDb66C1F62eedfceAE453Cea70f3,1.674232182,209.165509762962000,,,
0xEBa34F1E7eB7ce11a4bFF44876267d1DB7230F58,1.327381793,165.832727626841000,,,
0xE3213CD1A8603Ad4185204A6918A4B9A0E11d881,1.186992861,148.293629546188000,,,
0xA38fA3dD33Ab59Ec465AF92dfCb0D164eA3Be735,0.9075984301,113.388268584421000,,,
0x4ebE11e8dC49c890710aae20AaB9D0aE48e2e18F,0.8093239845,101.110625900840000,,,
0x559Fa64B39B678A6C262B991BBBe873189a07fe6,0.6490213004,81.083658908891200,,,
0xEf3C39407856ec69bB1bfcd3ba78657d239C564d,0.5512333067,68.866789719906200,,,
0xb73849f7963F5Fd8146A4ad99286716a6bc0B317,0.4180044234,52.222212224498700,,,
0xd358892B32E512F81a9a6D2F257A92e5dfbBd7b4,0.4051665106,50.618343533797400,,,
0xcC4cAe3bb8009233940E629f07A225a4Ab69B5Fa,0.3231142374,40.367372531099500,,,
0xf9e6F1151Cc07c88835Aa98eD19CE8282D08a3ec,0.2636493783,32.938296858229900,,,
0x8104B1CBEbD1fe45D7EC28B1Aec4E4Ddf092609f,0.2603538454,32.526578688894900,,,
0xE3dC80DD5D143FBC660c2A2176242d725a955d19,0.2492935964,31.144797450144300,,,
0x64100d29dE9653391bF57601EFf562284FC1a3f9,0.2112216868,26.388390013989200,,,
0x044935732148a3b12A5d0eA2f50F991d77243f92,0.200529188,25.052552617917700,,,
0x2804eeabDF440a100B28F16De72b2ACbd0c53e5C,0.196081976,24.496952647822100,,,
0x3Cdf4c32f0BA5edb14fB9DbD37fC8B825FbDc21f,0.1943705704,24.283142975843300,,,
0x902402569DFdBd2E7Ca3D48a6447d7ED200E6d39,0.1819569871,22.732286703084100,,,
0x9c7d5a3f7FC2C2e790d27de184144C080e2bCF5a,0.1792716253,22.396798548975500,,,
0xC7545B39E2e66A3A44B5289daB0a3d3B30a8554A,0.1787163745,22.327429836554800,,,
0x1714f45E4ce199AdA2Fb3389f44663014a1243E8,0.1735056706,21.676445138130100,,,
0x5d38aF72E3895E42fEC20036940504d947611941,0.1694439945,21.169011013384500,,,
0x67bA121Bcde1ABB2Eb475c4391e66d30D7b397e0,0.1690062034,21.114316807283800,,,
0xB449FDA152918dB7eb434f6717552867Be50d1e6,0.1671089577,20.877289727081200,,,
0x36CdbbaFEAF6bfC03C32C31E9bA2E26f6D9218DF,0.1405054187,17.553651072607400,,,
0x525a2594688F0D7a011078738E0b4B62D2fe3Def,0.1339040125,16.728922872897300,,,
0xbDf793d4bA3d4615a872dE8e5907a888307D824a,0.1312778298,16.400828087947000,,,
0x147e4B124F5AEBf61ccD2e2E8a0b2E214b04C344,0.1284455197,16.046981357679400,,,
0x84Ef8eA33A39Da66839d7532bF11794355277634,0.1279601947,15.986348632420600,,,
0x89F1Cd3DF324eB89115dAA294B675BBa7Bae9Ec2,0.1260910684,15.752834572590600,,,
0xF757225C4C22Aa70334C6277f140f491Df228eD8,0.1175555008,14.686467331141300,,,
0xdB06189B1A2075dd0A8569020FD5133fb5c0699a,0.1148387702,14.347060208570400,,,
0xfbB75ad6BCBab5c87c1630da38109462f11Ec546,0.1080510335,13.499053325886800,,,
0x524b17C6ECbCD0230583407980fcd2eD6e3748De,0.1042926081,13.029504977580300,,,
0x96f60bAe10b5bF8EB0c51E28911E758f11540967,0.1014476315,12.674075786294500,,,
0x20C1ebA15c8Def76490bb320Ee255797481Dc360,0.09418411259,11.766628391389500,,,
0xAcd1845948a03Daf4592323A2C14fFa935a94Fb9,0.09101691968,11.370944013318000,,,
0x98a3790C9886DdDd0fED2C1Dad79F3AFa7337D7f,0.088912953,11.108090826876500,,,
0x86242bbc2953D4BcA19248172E919C04e542d5d4,0.08772023296,10.959081688408200,,,
0x249f5c7E9D0C6721cE48A65b5F56C5067b96D29A,0.08590482132,10.732278317974300,,,
0xe63a73043690E65B55afD630A47aBab0E800bb47,0.08010003294,10.007073335033400,,,
0x5E9feD3cD873A582cCA8bDC96dB86924f0430C33,0.07886149493,9.852340056462190,,,
0x97726Ae57074661534e43386Bf8B3A4b0dCa1805,0.07849501249,9.806554599027590,,,
0x24eC8285Ed0B8373B2eC753CbB668bCbB773d8Ab,0.07756862186,9.690818579571420,,,
0xB609316dec60d2bB1B8f50DDc54a7D169F442158,0.07533410656,9.411655667221290,,,
0x496284486BF123e0aF0DE7714086874fFC8b8DA8,0.07482376606,9.347897705593740,,,
0x79c9Af53C329889fb6560244caB73212984461d1,0.07458803234,9.318446973944200,,,
0xeB326Cc0188A6375Cf1D5c1aE93A1D1B35124f76,0.07380258816,9.220319704195830,,,
0x4a0635cbaa595a6A3b1b69D96698a831FD2AB6dD,0.07170193578,8.957880581135840,,,
0xCeC1c28aebe1311EB40339b5e483c2FF8B627a5b,0.06968151498,8.705464965745980,,,
0xd3Ce7c59d49319bEfd4E9731421025D6cFBcB2d8,0.06780170448,8.470616105009490,,,
0x033A6DF807c204697daE4EAa9CDC0880Fc4dDF02,0.06775008345,8.464166975904220,,,
0x49C290e22A9d3F9A33457966098790f04BA57Bc2,0.06773735866,8.462577239934160,,,
0x7f26E00D5E13d016E1BCfBc680CFaCF7A6744e14,0.0675925346,8.444484050925320,,,
0x8379748e7079e8309b955726a7D146d4239ddB28,0.06681589868,8.347457217112080,,,
0x6873a98Cc6C4B1ce6E73E5f025E82931f587be33,0.06610801712,8.259020016838340,,,
0x9c55b1a2FAbF6561eE4B9b0eaCd801C5dff1f66E,0.06562275134,8.198394695442560,,,
0x56f809D1DbE35f2065b30D9d6175a916F6Ee8fe5,0.06535677398,8.165165557943850,,,
0x8D2a1f491fe806C89e17A237D9F7A68e6b4E6Be4,0.06494845019,8.114152769246450,,,
0xacFEA26c90C4Ec7291Bde8BFDC03386e39326cF3,0.06463839795,8.075417260099660,,,
0xD2cA32044808C50Bb32BE43786fe7F7fecD7F874,0.06443223446,8.049660801734980,,,
0xb4d907E9039adEd6247a622Efb58378bd4eab307,0.06354515388,7.938835873154920,,,
0x8c4B3023d414BaF377e132069a75fef7E14bAdF2,0.0626324425,7.824808832526110,,,
0xCd6F8084e2838f7cC02a2405F7641B69584D50D1,0.06244917725,7.801913102280930,,,
0x49674cf87fbeF1a67eAb95ED114C199Ea3BCf996,0.06169636175,7.707862205442680,,,
0x5Fd84b78D2393F222befb9b9FBCa2B8B62a76451,0.05986094516,7.478559573020430,,,
0x4195F2Bd53CE27cE35D44A4aE72Dd6b2Cc5e9671,0.05846225146,7.303817692044590,,,
0x566117239C23180016e1C3B9Ab59Dd13A5f330Db,0.05742582014,7.174334047430440,,,
0x0AafBD122bA5b28928fed50aB40EfEb0de51D350,0.05703141224,7.125059800179180,,,
0x342cB256218EFf45705F023352b433659c566185,0.05640348382,7.046611320950070,,,
0xF5D28f12c1C16036035bc8B0997Be03f97Deaa47,0.05551114147,6.935129028895370,,,
0x8B04410adC77a3035DabeE06370F939Ec3AcEAEB,0.0534946508,6.683204412250900,,,
0x6fa4DA5da5425C1dc13bAFb168EC4F26DC4Cd9dc,0.05210837858,6.510014374399770,,,
0xCD280b0F5BDA024444D61dBAA498364436Ea0442,0.05127266543,6.405606891706360,,,
0x557f438905a8523A2D1AB99E5cc4197B7f82275D,0.04808422213,6.007267656339380,,,
0x42468900f72BF7d3AEE1eAB833c21bf39f58a023,0.0477955419,5.971202199953190,,,
0x24C99170FedA5DeAadC5f7D7bCB94564a35d3711,0.04698750253,5.870252064106780,,,
0x1D05C788C6f968875C59C5AeF04Ca3E6966D4cFC,0.04548878167,5.683013569335360,,,
0x4Ea4b4f7717C42F828603947502cB8cf73a1c119,0.04489138442,5.608379416835420,,,
0x5c0968CE0A703B396cA4eEbf20D61A03FA5C4ba6,0.04373983745,5.464514120819070,,,
0xFAd16197C2179bFeE0d96F3FE685C642962b6520,0.04281090695,5.348460789636630,,,
0x21Aac33CBc56D66d7CB66c92c9B33668971D5660,0.04270462827,5.335183160275580,,,
0x3F30bAc21E74834Ba19A14ba1Bd438193a353bfb,0.04265402108,5.328860692527640,,,
0x6814a45f7E0ce35AB112b82C7Bc10568050B5298,0.04233283828,5.288734618966170,,,
0x15bE69623d4B3C383116736a4a2A71d513022129,0.0418315755,5.226110757155440,,,
0x2387404e7B798F090442844D87Fe31F7BEd4E13d,0.04174320925,5.215070966041090,,,
0xd47fccaF6A154424F78c748416b1cdb15A3e2A05,0.04074550191,5.090425193230950,,,
0x1Ed394A0270775c256E0B00F9aC9586ffFDDC712,0.04031769669,5.036978546696790,,,
0xa5D71B292e10DA8Adff6215ECcb0E64562012b7c,0.0389955013,4.871793767468180,,,
0xD9A49E2570BA6962d60c63551cC346F804cD02ED,0.03893624849,4.864391183055750,,,
0x6c50f1B31db769F8095B046bF93124a3fDdeb75b,0.0378838398,4.732911450067210,,,
0xBeb966D05189220DBF3592F5ff1bF284FE1629f1,0.03777701619,4.719565742626180,,,
0xE1b02a81a0B1Ca8A939970D16319727857a68458,0.03695002741,4.616248214277840,,,
0x44446983Fe7EC9F62C816F0a81274f5bF754850E,0.03688280446,4.607849903876630,,,
0xf3703a43f614F44882775E0f8F4eB63dB5444a70,0.03665018089,4.578787729204930,,,
0x9a42F280ED223319A0594A4E76FabFE064890E8B,0.03663946717,4.577449240938670,,,
0x82A75Acbcb67761e096A35a283E7C6850D38f523,0.03660354873,4.572961870625570,,,
0x550B60832c5ce7eA8c004848c08FaF2fF2Cf12c8,0.03658871163,4.571108238770280,,,
0xa05Ef78331a737D9Ca4bbA5a57EE6aB8f88b50AE,0.03657919605,4.569919436701400,,,
0x7a715788F743fa54ed8ea9224cebef922379D459,0.03656497033,4.568142186474370,,,
0x977d65d54668e48e935B70dA10aDF17eCD54A01A,0.03656089577,4.567633142473130,,,
0xABA11110f2795F6Ce1859cE8a2d4029508B0dca5,0.03647298125,4.556649787812560,,,
0xb90a950e93C652847a55775c28Ac9D1f021Facad,0.03645773745,4.554745347013770,,,
0xb4fca570D7043D9F987fC2A20BFbb993F8dc2b0d,0.03644597303,4.553275591788700,,,
0xd088e2aF43C75856Ae111A56f849E1C8Be2f0864,0.03628207295,4.532799194052550,,,
0x1e7619Dcfc533E995Cc51410B592085f1C0E0E76,0.03625892597,4.529907390988200,,,
0x7972c7d44569e462246e6691E9Da08b714F05512,0.03625122282,4.528945019525780,,,
0xEA36AE4a44bF5FF747403aE9879c1a774dE09d2a,0.036249692,4.528753771373600,,,
0x2eC3BBD74F7D4EbC0e3255642CeADcd54551673A,0.03621920034,4.524944381179200,,,
0xD92171e42748CEdCb1dA226e70a9fFF3043D57C7,0.03616258697,4.517871548074550,,,
0xa3B1F5f8BD3150Da92B32e853F474067F1E9Fe02,0.0361125831,4.511624454428760,,,
0x5F880207725c209DB820904bd7A91DB7319c2F30,0.03608261609,4.507880609417690,,,
0x15167affED6ED1D5d070AD2162b167343Ef7Db2a,0.03606187755,4.505289698390480,,,
0x236f4EF18f65E637F4474B5F54C627F884F3CfA1,0.03598171407,4.495274698149500,,,
0x612d94A72AcccB2967Dd78f97300BBb9A3cA28fB,0.03596082353,4.492664797205820,,,
0x8c962d232219Ba491F2099F03E43E29E2CAb7bEA,0.03590687304,4.485924644524230,,,
0x43A5154896C217668AD4bF021418517740569e27,0.03590450559,4.485628873691320,,,
0xbC02624fd9f589Ea719761c35Fd1Ad60149fc0D6,0.03590222167,4.485343538608730,,,
0xfdA2B70e88EB6b4314fD433832Aa35CF4Eb54447,0.03589118573,4.483964793974240,,,
0xA7161d4db184467f05879F6Bb632F10CA1ccA17D,0.03587579035,4.482041414809560,,,
0x31E808931cCB9C330a5c9F33E3134f5d71C8e5e4,0.03579710922,4.472211608425150,,,
0x70fc0F7D5FE9880cAeff72dF736103964a696B9F,0.03577376402,4.469295040677430,,,
0x1891a057fD6a8fD615D33a0f755881674dC5877d,0.03574727782,4.465986061873980,,,
0x42981e6e4852b8Ee003337011852727e2508953B,0.03573421554,4.464354162471580,,,
0x599879648cBEC9B691DcE6E803D6094Bf64Ee867,0.03573035267,4.463871565855120,,,
0xE4E6b675C396d2A654C06FD645001C4B3834817D,0.03572954095,4.463770156171880,,,
0x0A84f6331A04988177A984B07B2E1759E063303A,0.03572830166,4.463615328187710,,,
0xD95E2F0a26ECd0F1c6f6e2E71F2aD00fC36c27Cb,0.03571755634,4.462272891994960,,,
0x5552C990762f00E114d42A3A351aD6497939ec72,0.03571182243,4.461556542160770,,,
0x723E74f80330DaEcb8EEBCCa483a2483577bb595,0.03571171493,4.461543111978410,,,
0x8f77404938161C6f956e2c569935cC5FCB3Ae452,0.03570762057,4.461031595190360,,,
0x453de6467c5162dc5545c839C46943F318F2d64C,0.03570363643,4.460533847548380,,,
0xd728444a5bc872840301754db31078eBB390fd81,0.03570036625,4.460125296447920,,,
0x7D266639eCD3bd87A6fDe6d65CF104DF3cf2AbEA,0.03569642397,4.459632778487910,,,
0x2a98cAEAdfA7DC86619331692400E87F46CE0815,0.03569603012,4.459583574606280,,,
0x9352E487Ef4700DD8557869ed551A39d1bb7D6c3,0.0356938041,4.459305472095250,,,
0x2aC7C70a047c1dCeD34B9f299aBA324d9D5fEb1A,0.03569109726,4.458967301177100,,,
0x687e6d1d96a8cc4dAf7B6776F92806806c62566F,0.03568966902,4.458788867345340,,,
0xCfb0497F25B46a373FCb230dC49b70FF059Bb8D1,0.03568583131,4.458309414767430,,,
0x1A494ab4e0d5E26E6cA42F7eB6De13cd6b351489,0.03568544073,4.458260618767050,,,
0xa6B8eB38410321B708142034e9A3b89a0D3cf6A1,0.03568337506,4.458002550243430,,,
0xbe711f51344E0c0AF5C351467f6C3aD29e6E5A32,0.03568185578,4.457812742223390,,,
0x757cDD8E153FCFc1D2d17d27d7f451239Dca70A8,0.03568157429,4.457777575110520,,,
0x9608dFd946395A8E8EF5Fe4b9d80b0C3eD7f588E,0.03567815314,4.457350164254330,,,
0x2573D03BAc30b05e9124DA78AeE07e27BfC11a96,0.03567618051,4.457103718809310,,,
0xE10014d49a74dCB80930828bA7bf328cd02bF6Bc,0.03566657458,4.455903628928400,,,
0x39DAc3142Ac6E9839Cbd0699E7Fee46b2AF15221,0.03565952013,4.455022301349750,,,
0xe6F13CB0d69B84e99d8a83025FB38EA2d8E1d324,0.03564751329,4.453522259605890,,,
0xef0E6eb9E10675ad77F73aeff9753D34A3402672,0.03564380408,4.453058860349190,,,
0xFffcB2252028EB2899263972Af788fe801420440,0.03564235311,4.452877587173670,,,
0x2e08CBBA9B0dd9435dAf5457b7150a5B9714c7Ef,0.03562954522,4.451277469743200,,,
0x80850dC4B7B6E13DD4E4a8244980E1b2059912F1,0.03560272581,4.447926861280920,,,
0x344b8C67edFa911D4489C85a4d4Fb239f14e4249,0.03560172682,4.447802054815270,,,
0xEEF825c114769a9be2f7ad4E1467D3EaB4831611,0.03558283884,4.445442339055020,,,
0x20fCd1BCA8B112Dc0dD0bf0b44097fd8648b6e24,0.03558230938,4.445376192060290,,,
0x302D325256AE0058820352967AAB9795257B8fc0,0.03555043914,4.441394572779390,,,
0x07B0F8Df7B5919543dcd8a41720B32FD91B4E22C,0.03554916209,4.441235027486050,,,
0xc5A8fcB27F841B870B65332a4A6Df59d42383086,0.03553886174,4.439948183032880,,,
0x34f1CAaffec9C7aE2BACCfCf7B40874CE0145021,0.03551888883,4.437452922911360,,,
0x0066B241763f9Dd614A9Ab954932E9d8e1B14db3,0.03550005702,4.435100223414310,,,
0xA7857A829b2825953f3797f1C6dCA6465Cb9ac14,0.03544440401,4.428147370686940,,,
0xCEa57249afb32b251CA4EbFd047b9988980Bc89A,0.03541934808,4.425017078101150,,,
0xe59E4D226534A678F332da249211257D3286A53E,0.0353799832,4.420099137130320,,,
0x0F0e6bc377de8955F1230Eb02E709Ed11B5885b5,0.03536013808,4.417619842401500,,,
0x447C343B0Aa8406505797Cd6c8AD001E6A56F1E9,0.03527740771,4.407284155960720,,,
0x012718fd6FbbA69dAcC7B975b7E2485580e58A16,0.03522413505,4.400628685301150,,,
0xAC32cCa01311F9F15F5267533da59DE31f68D551,0.0352231186,4.400501697882360,,,
0xBeCeB91c8cA1CC72f25437e189B632eB53aB014B,0.03509151905,4.384060675648180,,,
0xFb238b1e239741f53a76Fa619D1bCc44Bd62C0c7,0.03507655248,4.382190869279970,,,
0x460456CcCc41c20951b0558a6B995Bc6423DF949,0.03505637396,4.379669922323610,,,
0xB5dB8334134915b62bA4FAA9c05B1CB9CE519C70,0.03498160626,4.370329030009920,,,
0x3Cf47d9616524658A3B811Eb945B9c472Bb8c7dc,0.03486572778,4.355852076623710,,,
0xFE0f6e6F20EB22dD49aB28b672E3D29684AB6Ede,0.0345405871,4.315231535115270,,,
0xD2e272E03843cc4b7C18ad329977699936BA40c7,0.03444261051,4.302991104362990,,,
0x0c41FCB7307B2Ef3b0F9D737457158144086b9e9,0.03444222672,4.302943157074450,,,
0xaECAA88a1296e69075b183eC52738579c29Fe58b,0.03417026818,4.268966777695870,,,
0x3D6A78fD10129757142C8e49A6EC822C8e6e3e03,0.03403198893,4.251691247549310,,,
0xb4e8Ba45F12d6b0e952Dee1Af6ede35d47D1952E,0.03400760298,4.248644657129800,,,
0xD838e70eeae940b1E520759BF84c8833F6FbCbE2,0.03398722631,4.246098954319860,,,
0x0fE9DBC8000407E1de97E539c278974371E52232,0.03364391291,4.203208056479940,,,
0x05B1d15aA2AC1d392480775d2da02b16a5663778,0.03341282458,4.174337683050300,,,
0x418d2A7bb7039291Bb515bA947349288CDA728B5,0.03309477861,4.134603500448380,,,
0x8dd82DDaF7b859eCd9E6fbe6606e2727e3F7D7B3,0.0326959842,4.084781237140120,,,
0x7429eA33340DdDe77d1fC30D1B1F4f04b5a404d3,0.03259228474,4.071825835345580,,,
0x87a9a4DcBf29e782f102Ba04E2252D09DC9b4290,0.03247584961,4.057279339029100,,,
0x9001Ade7A43A3bBE711bf9133d67d3f2bCb51A23,0.03197872433,3.995172383458470,,,
0x1b641Dc6Ff5EE1B2111674d4F3661728701b9048,0.03160149599,3.948044416884790,,,
0xBD4f9f03E927E012Bac212E6AC1755D1F1846257,0.03158295346,3.945727858402540,,,
0x22DCD25f270915a236e531E29F0f6b8F7a63dD78,0.03153019881,3.939137104229850,,,
0xFA1C8D1F86744381ad20e6624EeEC2572671296D,0.03146066651,3.930450279949920,,,
0xBBd72E085d0E6CD0d8f37dC30A9C1D638b27605E,0.03140507012,3.923504501188470,,,
0xD046900e530a90319Fb438253A8e09c45484f2D2,0.03124807638,3.903890928294850,,,
0x010d33778E2E0827192a95b4565193CbBEFc1a15,0.0310549581,3.879764236494010,,,
0x943fe5e7b0cC5c25422F6f4fC97c5a840C65EC8F,0.03084511061,3.853547527325740,,,
0x63b4a008Ba3eaA316FeC382355F92564f05E83d6,0.03083913944,3.852801536712910,,,
0xeCBC0956040183e0dA140FBee6ba300B8914989C,0.03069055396,3.834238425315470,,,
0x60b1654503FB57b3dDCBB34dac594E97b724c100,0.03057364962,3.819633308995430,,,
0x43Def40c4AF010961FE9B4a5eA233C7D8b6aa1FD,0.03053242606,3.814483158966070,,,
0x808939A951b0C20d356febf1aBE04aC9569BDED8,0.02971446484,3.712293464189610,,,
0x9368f9203B82934763F0A2d5bb2B38CD754EeF46,0.02960754374,3.698935575699900,,,
0xDfe16aDc21C4Bb344C18D2ce4D6EbE337D523aB3,0.02908471721,3.633617707482320,,,
0x4ba3693E0f6b03B3B1FaF7e2FF1ae280f826a360,0.02890145908,3.610722866494620,,,
0x89c2b081eA3F58D8bedF66d8BC373cE93A22Fd36,0.02812804599,3.514098667804690,,,
0x342274Ac997afa78B5b33114E797EE53f62a82ff,0.02811321072,3.512245264908800,,,
0xC9D487bDdc4De6b27f27AebB1bab0C0a58611368,0.0278769625,3.482730254635050,,,
0xd778dCC8CCd692e5ce461b096044f4B14C8299af,0.02784067515,3.478196795391920,,,
0xE6d60016d221bB1c9cf62136D0c9f6C866CB75e7,0.02772883683,3.464224588362910,,,
0xFFe0e05CA7A3279E85A2D5246A5db2C7A020732B,0.02772515355,3.463764428303030,,,
0x20E2b397812DD73eF111F52bBE45925C6Da1E972,0.02734717751,3.416543050738610,,,
0x364482A404171B8135DF6E3FA6AfDcAd973E9661,0.02733388702,3.414882639466890,,,
0x255fDc7FA443A61cF9Bc9902fC5b995D3D6bD386,0.02722633691,3.401446167723770,,,
0xFa93a6A4F0F89A0bdbf401F0F055978Ae162a82c,0.02714172308,3.390875176368600,,,
0xCBB59764D2c3D6752e66C22308dFD4a3CA16D452,0.02687865918,3.358010024900920,,,
0x3a18763766881ce65AB5804f9Ef7639f3372C83c,0.02675014399,3.341954339262700,,,
0x90F9f7503e7e22b6093fD96f7cB126480415BB56,0.02674725971,3.341593999829160,,,
0x4d7B1DE40fbBD7DE8A66E8BDDc3A043268E2F872,0.02667456529,3.332512125860100,,,
0xF4E018F53fe0DF2958688dC808c50dF5aA29Ce57,0.02659172098,3.322162203254790,,,
0xc3d100A184dA2FF87A4Aa834AbEb40433DF47eFa,0.02657354372,3.319891278819960,,,
0x72EED59820f3bc0eaE199E9F766a0aD7f4Ae5BB8,0.02632964669,3.289420685676030,,,
0xb4904fED2FfEd897FDFcb0c8Cc4D3E2f6C98C830,0.02609777269,3.260452156797830,,,
0xb264BfF6385d26c11b1b184788BbAE3b25eb0Bb1,0.02581502647,3.225128050311290,,,
0xC4427A885a8d992CB507a81c3B694744262De62A,0.02540174957,3.173496457974000,,,
0xf0BE563E3a0F5f152be82724a3a439C84a00bbdb,0.02531908196,3.163168610752220,,,
0x98deC7CA9a2C6b978371D4D9FEd6fa0E4Cf8fE4B,0.02530778423,3.161757161257020,,,
0xEc60572B1Fc4fBAe15e8b14A4FaC499E886357A5,0.02529303801,3.159914883274660,,,
0x84b1E4842C12DA8993Fc865ff0507Ac639b9b20d,0.02522198313,3.151037840276590,,,
0x8db5bc8A09007214E9e41A00BF6fAaEa367d05D4,0.02517420893,3.145069304806450,,,
0x2D1d6CC7b1F658a2457c3d36604aAbA60DB2b190,0.02515771178,3.143008279107720,,,
0xf82d28a961DE778D84b6Ed5E5A6a4C6f3eB164e9,0.02504808398,3.129312237638890,,,
0xeabC3963B0bF8574032F157e1562b66a84414760,0.02495651607,3.117872457358880,,,
0x262A615fC5d44Da65f6460EA085E54142F525C4e,0.02494425709,3.116340916134510,,,
0xEE69879105F5EcA104d5aAf94a032b3D4aFE2141,0.0247364334,3.090377044304930,,,
0x14AA43b07E53A21AeDFd08cCae0d83296E6f7a3c,0.0246389346,3.078196305469840,,,
0x75D0802033a68598914Bc93056a826410aC4D27f,0.0244938718,3.060073290780440,,,
0x806995a3bbE051e20612F736F1d69Eca46AD4B85,0.02413759283,3.015562574518860,,,
0xB4C0DAc39BcC664db68EBB70dfb2c3979669a28f,0.02384325133,2.978789843922910,,,
0xC7da69e0e5BF44f860D29F02288a10C200624B14,0.02382266224,2.976217602909040,,,
0x775a48FC92163e9484f66bb5C4484a5929b54853,0.02379865676,2.973218545952460,,,
0xa27E4e46ADA308ba04c1EC44Db378d11F3B0c621,0.02357418602,2.945174922451150,,,
0x3f53B93CDc442028058D109C37C48B3ed3646F2f,0.0233129894,2.912543053724380,,,
0x96B5Dc301EDC010b7254c7317B83eA17Adb1d0bD,0.02330100714,2.911046084664020,,,
0x86D538330D83E75e0f869E454868e11EE15c5048,0.02311964504,2.888388118647800,,,
0x6fE87510C548B9e0965d3D4b65eE7243da6CC770,0.02311229084,2.887469341150870,,,
0x0Be43b60D1eB45586223cc3CF0F01A958Ed567D4,0.02307829077,2.883221637843820,,,
0x6c6C285f3f01580420992eB197EF47c96D606fe1,0.02300970582,2.874653169050020,,,
0x9cDF98ED7a38BA8Fc423Fbfa9db7582CBc615248,0.02285618002,2.855472853401870,,,
0xB1b8071808d876dDdCb859b4F65358c4E1edd9Ef,0.02283095045,2.852320867228470,,,
0xd823e1b4C475a4e0101aA3EB9719F05Af05a316d,0.02282587564,2.851686860698870,,,
0xB1066677E3C05215DdC79178A073793c6E61B477,0.02278464557,2.846535896775290,,,
0xa3574638CB12f95dd97E5D9A6852D04770C7D061,0.02265063788,2.829794022221530,,,
0xd99Fb6981dE228f7BcF794f8c4D064c41caf4D76,0.0226421823,2.828737648061430,,,
0xBE21Bb383F7FFF1bcE643AC9293f34e2E81EAf85,0.02255756386,2.818166079958900,,,
0x6628d917F9fB6fCe121A8Ed2B6956Ae9322fa9e6,0.02247458687,2.807799582320980,,,
0x61F329BC8C375D861cA2484508BDf0a3668f6e57,0.02245136493,2.804898413515150,,,
0xD302Bd1281c4E188383c238B19DC63ffD9c62A0e,0.0224511416,2.804870512878590,,,
0xe2a1153864503CA80d29a3AFa509b820032A87D8,0.02242411058,2.801493467773950,,,
0x5afe81b1B1e6FC18806D3AbaA30C9A96F4145FC0,0.02241375027,2.800199130923410,,,
0x57457266F531783c5D13446afAEcfd5245EFaD11,0.02238486812,2.796590821096130,,,
0xcF510287E89FC226C1a77E10234bb0E780020a94,0.02238420907,2.796508484491540,,,
0xb21539b5435FAab1B669cb1475BB832E3d3E8aD1,0.02225178381,2.779964305094290,,,
0x3885253C88390F4b7f132ba829f2483467F3bF5D,0.02225119522,2.779890771224080,,,
0x5AE242a1F1c8F04598fCd12B11Ad7Af50F021e10,0.02220864572,2.774574968618610,,,
0x0dE17de8978cF0DDf800f453c75b45871b3e73a5,0.02216517837,2.769144497353580,,,
0x1fDE28ca6b2eD93454dB1E69645384B8e653F680,0.02214171503,2.766213170508820,,,
0xD6f5c922710c21BCAbf044396FE5E554A49189Bf,0.02211488775,2.762861579929170,,,
0x11F3090A8337cb3A85Dd12ff8389eAfce38Dd127,0.02196487891,2.744120645490010,,,
0x16b44642B853a25BF8F38D8C61Fb7F7EB8a59C0A,0.02175010172,2.717288058002980,,,
0x0214D5c5591bd3691d8841D3BBD0f24a9fCdc41F,0.02174541614,2.716702678764170,,,
0x1E04f9BC784E9CD4f7A0A8f4c1d44e1cc562079C,0.0216760483,2.708036401243110,,,
0x41F859A90f4DD09Fc73b1914F562b3b2a5fe5fDB,0.02157634911,2.695580762375580,,,
0x4744d7300a9fB5f69EBD9b0Ba8C10979b63e817d,0.02152162046,2.688743391043140,,,
0xf34e8a57f6fBD74235dCF35FE59B476f382B5E13,0.02150390939,2.686530708125430,,,
0x490291eBC5deb6ea5A53CDAfb051277F608659Cc,0.0214645495,2.681613391065510,,,
0x915B0e70DAFAc50e22e367a308639B673156Cc32,0.02140295602,2.673918382144980,,,
0xe88532D2Fb582F02E240672D9B2d3D4B769e217a,0.02131001221,2.662306707467600,,,
0x8D0dDD9C2f9697E1456E8EBfB29ca2CaBf07A265,0.02124806972,2.654568095388600,,,
0xbdA76ACd188947A69AEBd2e1d945E5DBE0ed1762,0.02116788239,2.644550116501220,,,
0x2474978b23e292A0B0D7f750126a136B5664eC3f,0.0211620515,2.643821650624380,,,
0x9D9e17cb7947E3eA3fEc2a4d85dBCF382ACEcAA0,0.02111670499,2.638156411650980,,,
0xCd73CD9B0230c2E03913aa955C42f31854EaEAf9,0.02103587244,2.628057822705910,,,
0x0F0950E9dCA7ddE2F5B3E0B4B3e53D0521f3b472,0.02096472515,2.619169235809950,,,
0xC4E54394735abB581c85ecbD7bdF395a6a0093E4,0.0209248012,2.614181448350210,,,
0x2dFc0E49739Df00C3575896ee1c956F5E7A9246C,0.02091353591,2.612774051192090,,,
0x644ad95C95273c5B6E790bBc597A984A0c59CAD4,0.02089357422,2.610280192813650,,,
0x243D7963810911D0E84749715B8045172B73c71c,0.02088049782,2.608646529251410,,,
0xC8796A15cBA9dc237b0262eD0e87EC438D962af4,0.02079195881,2.597585155939620,,,
0xC60F78a137D9035b15B0bfb1AFE7100d19cFA01f,0.02075068836,2.592429148877320,,,
0x92766219Cc25B3E58fF9B5EaADbbB6bc99E54AE8,0.02071915411,2.588489505686340,,,
0x8e3f5DD16F4443D3B9B1b6e7d1011E8baf31EB7c,0.02070000758,2.586097487388050,,,
0x2fE0E245dB110D3aB89EC85B9CEfE367bf36B976,0.02067393914,2.582840699516330,,,
0x762d6DEa770153DB7D51b80913f5F9021B26bC3d,0.02065778777,2.580822873390210,,,
0xa15d134513fBd0dcc88a19F03563b02A8B358139,0.02062224488,2.576382421817190,,,
0x866abB34eEdE356caF6afeb8B0c2b172d8146999,0.02060210314,2.573866069910340,,,
0xCab8B5F289Bf3422Fa923d8585FB6723B301Cf74,0.02060088296,2.573713629810010,,,
0x09D1B8286Eb3D0fb00DC96C179Ed92d1EAAF6BEa,0.02058278454,2.571452554225330,,,
0xb7D7F7Ed787a950080721E872Ddf2F9F38c13343,0.02048466937,2.559194811140540,,,
0xD6AB9C818B4290d4bebf63e220aD23D5c3E18AAa,0.02039281758,2.547719564110620,,,
0x4e75AE3649b728e29Ed25c58B346c7Eb58525319,0.02031000139,2.537373155822190,,,
0xE3622FA91bFd7CF2146Fc17719dAC3C280ad111F,0.02027255753,2.532695212086440,,,
0xa0Bf2095fDb0e5B608068B5899eABdB6aC23bD74,0.02021214095,2.525147236189450,,,
0xb5fd26d30F6f65487117296BdF5f71a9399379F5,0.02010813354,2.512153360751040,,,
0x0d2729d128ee41ad2612Fb4BCbF6C538b85DB63b,0.02006292586,2.506505466390270,,,
0xB5d9EB43113EC02E6B1E4f131a3c56440Ae41ECF,0.02004843167,2.504694674823450,,,
0x0C2728317C355C7df14E5923bEAFF74ef62F6658,0.02004832546,2.504681405848030,,,
0x2C64E6349C4B7CFE128A500f7bFB349dB417EebC,0.02004570588,2.504354136559220,,,
0x7Ef587d223B78464ea0e14c18c0d985818e0F5F5,0.0199762294,2.495674286830040,,,
0xF2E11Cb7c732fFA0dDF61259810bFe66A98f072A,0.01992036837,2.488695445222020,,,
0x1601AbB1780b1148E216997Ab3f6c482c58dB789,0.01990963856,2.487354946372580,,,
0x07331fa61F38d3CbAB1CDDd9258Aa4433630e689,0.01987556331,2.483097850725880,,,
0x6E270F9934B55072aa010d3ECe3B3E9CdDa86b3A,0.01985225835,2.480186310974100,,,
0x604b04e2c436CE468D56Ace19AfD00e21C0C7A31,0.01984588218,2.479389721502700,,,
0x4505E35062C1a01032e5b6D9ea60c20cFff19441,0.01984415745,2.479174247237090,,,
0x16Fed668Fd8C4969333D39F1ca5A78836325DD45,0.01983820841,2.478431020513080,,,
0x111A49d2A679A9b7E18565fA96f67661c65cE19a,0.01980961669,2.474858994562620,,,
0x55845AccEdEF1FD494CD6c307f8660b35ED3131b,0.0197903311,2.472449602598580,,,
0xa34128Fee0102973D008652d3037B359cC8e1b32,0.01974510052,2.466798847223860,,,
0x763Da4F748E31191F8d2A3f8fc0E5632a046839B,0.01963460091,2.452993887406520,,,
0xA15c4eBEc5fe08e466961379Dc8d4459063E55C6,0.01959812688,2.448437106739080,,,
0x83885A6daB48327e83c37f58A117A440Fe0e5415,0.01954644994,2.441980993422380,,,
0x8B1D27d3d3Ba549e3b6e1ffFf6Ca5dBF74589892,0.01954272446,2.441515561379250,,,
0x89dbd4Bb60F58C7cfc0900b445cD4A9D7A27a723,0.01948338664,2.434102356165810,,,
0xBA4B8EA41120862e32907478e7bF19Ed7597298c,0.01942322934,2.426586772406430,,,
0xe2a5F2cc9eab18895aDa4866206fb6bfA560681d,0.01942246649,2.426491467831760,,,
0x43c0cB50956f575098EEc7b0F9D39eE7908e76ac,0.01937967097,2.421144929674770,,,
0x7830D9a99b2Ea4bDa91E60103E257A538aa6a9f7,0.0193757477,2.420654786709830,,,
0x4f3d3402c030B70CA2f844d4a80D0DaE5A13D08d,0.01935404681,2.417943647169700,,,
0x93a92D2047afe607Ac5B3F3131B9d5B8b140065C,0.01924102829,2.403823994423800,,,
0x9B5e076F168E743634E182732afB210Df775f0f7,0.01921736853,2.400868128779090,,,
0xB6bf79d7aCF6290DAE1CECaA0FA13b293121e13a,0.01920144689,2.398879002838680,,,
0x10d4722b905a3EfADFFF6cF9748d14990BE06497,0.01919385239,2.397930205355260,,,
0x0c3533bD0747Bc9FFb52C471b5b09BbFf4C15879,0.0191474526,2.392133378196450,,,
0x76e4b4a7a32Dd608eAb390AE6f4E8Af319e2601b,0.01914450574,2.391765219839400,,,
0x35Ffde65E8948d64B3DBf577e736772e0d00053f,0.01911327837,2.387863915744960,,,
0x3feeef0d27486C5D8F7CF290bA70fA8E64471B7E,0.01909721697,2.385857330431420,,,
0x0F496B1727616f4ccFa5Ed99F5Aa17eF31ba68CE,0.01909131747,2.385120292876890,,,
0xce15f09Fc703504213adEA7d92600F1B71ce1632,0.01905376504,2.380428785200680,,,
0x0a9cAFB53303Ca55114d0E41bB01a79d20D8a9b8,0.01903873268,2.378550759010100,,,
0x000A3c65a7a3B30a1E964530950667f277C224E6,0.019009314,2.374875418523860,,,
0x95Dc43ac51f37d0eD7f96D15245d09CfD506604f,0.01899929822,2.373624125431940,,,
0xc307b05992A71a9EA2CF20D6fe9EB4Cad7d10CB2,0.01898086115,2.371320741211050,,,
0x1E4D94A9FDA90Aa6faD7163B12A7E75D7CF40763,0.01890188199,2.361453700582700,,,
0x9529302B5959DD705c423F23D15a38AB161e591b,0.01884331691,2.354137036659810,,,
0x27e72bdD81D4578FaaBD02d09dF8Be86c10Fc6DA,0.01884179203,2.353946530367500,,,
0x833180ae02718Bf316997a67EdbDbdDddCD4DFC6,0.0188137333,2.350441091392030,,,
0xad409097ec49324aD67dc95BCFCb89C62DBDE9B8,0.01877522995,2.345630783451660,,,
0x33b4bD57c26D7Da1D7C2335F8f392bF53cE62e47,0.01869858322,2.336055139127420,,,
0x82b2Fc96fa6533De3B2F17964bfa61088344e097,0.01866526028,2.331892030815650,,,
0x0E0553B323D5cf5f4A03c6a43935Cd0bCB5E5102,0.0186411074,2.328874557860750,,,
0x7b5A7e4BEd155f2F8b895264974F54319be54Ec9,0.01855203942,2.317747099218050,,,
0xB7d47bde6707102E6a76eCB94637E637Cc7F33Cf,0.01850598243,2.311993098731360,,,
0x6A149AFee6C13c03f026f28bbBe452329315A499,0.01850397474,2.311742272569090,,,
0x2DD6A911b52eF1638BFbA02273d17732b5Dd7073,0.01848657891,2.309568973321930,,,
0x1834A16Ceb4C5c3B963F4659A50064F8a97DDE55,0.01848195029,2.308990709853530,,,
0xdF2120120a77591353EB24c25E6d78Fa64ef2965,0.01841873968,2.301093669047940,,,
0x6B556427d919acDEaa42d8F15fc537907360D00A,0.01837461432,2.295580991477900,,,
0x90f7f94cBb366E5891a01049618E534c48aC7E3e,0.01836654673,2.294573089143490,,,
0x04FadE42905e22803b31F6b0DF7bda1f5a7EA1dE,0.01836433561,2.294296849458840,,,
0xe232015f2900e840311dFa55c4ba5eC152568e11,0.01835092688,2.292621666598010,,,
0x83D03880eBDE97038755293773Ff64D930477ee7,0.01834975673,2.292475477678970,,,
0xd9d9bbB6B5dF8cb25C3B9558bD9291D242F073ec,0.01825169133,2.280223951262580,,,
0xe2F8dcD57607755d77C53f73F6401a15fcDb6f69,0.01815109434,2.267656148851260,,,
0x7952bfD48001c6B627B3Bd993d2788cf00A30887,0.01814094944,2.266388723922710,,,
0xcaDf2D058Ee454dD392c99Fc9D83aa3E0B070BC9,0.01810368708,2.261733454489900,,,
0x11A010529BBe303bA1bf53BfC2EF5c6DD5Fb7E9c,0.01809974757,2.261241283104780,,,
0x25801de448d83044a7e19b7853Ce7427Ed8674d8,0.01808849272,2.259835190497530,,,
0x98D008f7bf597C288133F913f5c0285fbD30D20C,0.01808395538,2.259268330499540,,,
0x526749BE8515c7537E402f65035B2aAe99277951,0.01807239249,2.257823752426800,,,
0xC1e383DcB97BD975E95EC94E38c4748d5e6EE3E1,0.01801884964,2.251134527168090,,,
0x10C427F9657177122d7111eBE1e26AFeF4d403A1,0.01800338784,2.249202850865560,,,
0x51bbb91bd19DdC14d8F8EB626CC19392dfA50b4C,0.0179962157,2.248306818819740,,,
0xBE7d7f11F44cE571E9D5bD2c6b806eB6fc3132D9,0.01794103596,2.241413093259890,,,
0xf4a5e3B0f44D292774D2E35D55439940dFD62bC5,0.01788768653,2.234748030808910,,,
0x3bB9891F7BE3731F3955965b84433bc3b94C08c8,0.01788113292,2.233929274459440,,,
0xE9843eD5Bd32954324d07fb637f686400265eC7d,0.0178569732,2.230910947735860,,,
0xa188aAc2b7e3ccF8167977d19a90B4395c854309,0.01779306481,2.222926731568750,,,
0x334267CA72Efa0B645287e40C68C3b56e980C8Bc,0.01777215721,2.220314698544380,,,
0x3e082a358B5c236eBd376Fc464A662CAa5699464,0.0177521218,2.217811630677020,,,
0xCF224770a4De8E9D1c10cfA68429a28A5946e5c6,0.01773147777,2.215232527580070,,,
0x34Af87b473815fa8f5DcDcaA5D1b32F6974deeE1,0.01771853479,2.213615532505280,,,
0xe4Af98098148600Fa0678Ff8da52F2594BCF1103,0.01770735407,2.212218699591840,,,
0xe1AA185210480c9C83B926A80db9044C823f04f4,0.01767879398,2.208650625784190,,,
0xd633700DF9282473e42a6B484b6e455293213C0F,0.01766907951,2.207436975551970,,,
0x1baC1B022Fb7FA98E6cF1298604248d72824a249,0.01765368807,2.205514088987620,,,
0xFE982c7709bDCaA4054789Fc144E4451D8f0dF83,0.01764694421,2.204671563756840,,,
0x98cA1fb488c76337C4aef26eff0A7C9d886F6104,0.01764632915,2.204594722494470,,,
0x7A77829aa28797660a0b9d482b19eA6CfbDAee96,0.01762005547,2.201312294161990,,,
0x05d2A2b05281Fd1E62D383A3eC37311e0dF82374,0.01759511149,2.198195988237830,,,
0xc2640C841E0DCc04feE56AB2AbA71721F1712196,0.01748370834,2.184278147501820,,,
0xD0b374c4b1D19E4508C1dD429b7cBF254e23c479,0.01747010019,2.182578050540220,,,
0x941b603779414d482C7ce00E15db1835aa9A0e76,0.01729472057,2.160667489802060,,,
0x232ba46bc8FB9a6fe5e85a67c89620EeAe9fe823,0.0172403081,2.153869619969640,,,
0x5b7D41e6bbba99ABC14172dD51F7De94c5c2a961,0.01719653642,2.148401127867810,,,
0x52E2f834542b0D746387506dcCa819C44c4F9dA2,0.01716820759,2.144861944124330,,,
0xA6eB571C2B98F0d1BC09f0fbEE2ABde04B99d983,0.01713560053,2.140788273046960,,,
0x2470Ba04362a5A06288F2E961654f309FC83d07a,0.0171295551,2.140033004022140,,,
0x2180162fE1faA34400BAB0852252c6dd828991e4,0.01710852647,2.137405851144980,,,
0xAf14Ee23DA58D4Be2b74f4811931E3bD2EEf109A,0.01710697015,2.137211416455360,,,
0xFb42bEcEdE0a5eB0aD33ea07E2165a87b584c0CD,0.01707805261,2.133598684018350,,,
0x632234E6349E7ceed03eeF2BA8EDEeD6BA997837,0.01706538166,2.132015675038590,,,
0xde168E984558f97FA7f27C9e4d79C095F5f2c198,0.01702239921,2.126645783038700,,,
0xeE5032cd6E2F3E287B9e1Ac5Ff0611CB3B8D65a9,0.01698126482,2.121506772774200,,,
0xD49011E587fedE96B7A62f731aE012f4BFE58cBb,0.01697496932,2.120720261699460,,,
0x857C6f9490E945532B7b2C65D922098FA88De2b6,0.01697070871,2.120187975045970,,,
0x1039793Ff058CaB4B0661C6199026e636b2861Db,0.01695462644,2.118178781200460,,,
0x8a592Ab18cf5e36d4D5E4d848cAe1B69996D6456,0.01694949428,2.117537608846310,,,
0x1ae3f9fA7916C09B543378baD900Fe203Ce8c4A7,0.01694621167,2.117127505828540,,,
0xE7b974A194A0E6CAaFeE2B3526aeE0503DB59FC5,0.01693327576,2.115511393805800,,,
0x0FC1a6EbdD9549A7d71b4465cc16EA14A32d3683,0.0168553203,2.105772246350050,,,
0x72faC29588345BebCEa6c11D111Ca00bDd9815F3,0.0168420799,2.104118094855140,,,
0xaD42349B08A3d2c79a51B887D512aF63b4021285,0.01684032519,2.103898875293610,,,
0xb377F94d917C787B0e87074a658AA7CF567C1998,0.01680318095,2.099258363274700,,,
0x81B99d6f7B73e1538461A2cd5B09e146134824b0,0.01672227401,2.089150481644110,,,
0xd641B64741117d2C948E1C283987c925B5267825,0.01671652697,2.088432490407820,,,
0xb8844064125A421782999e40B29c39DA1B7DdED1,0.01669902505,2.086245936839250,,,
0xb4aBedf5FcDD7f15262198cb468595161633fee4,0.0165767626,2.070971420476830,,,
0x337ffDe1D7E9428659cff967cA8D86DFE39a769c,0.01656357583,2.069323967916460,,,
0xAd5b4C17557FF2fEC0699f3F7B3C2C6834671E56,0.01653371078,2.065592861673890,,,
0x2d53B404ED91039E2672F356b816725415D86D95,0.01652071038,2.063968693127310,,,
0x194Da2B62a9634DECC7d00FbA58f8b7E2650f27f,0.01651491714,2.063244930744150,,,
0xaAD304167286705CB03f098a12515F596116F97a,0.01647282354,2.057986084469490,,,
0x2C8ad759B11Ea96bef43c2c2113E598C0265eBce,0.01646246916,2.056692489570890,,,
0xcf0fcFf4A5076E6397E2Fb8bFD8C67fB56a2f16C,0.01645007396,2.055143929658540,,,
0xb1ba33bf744af5F5C8E0b05e9c1F1Cd9141984E7,0.01641644284,2.050942319881920,,,
0xE7F50b44E46b880426e0476EF151757db58ea454,0.01639481183,2.048239910340540,,,
0x5BBdDBb6e55946022d404A1Cf2Cd103D6BcdA016,0.0163818961,2.046626320506760,,,
0x40fbA1F4f18ff7Df5CCa51fF416682eF82a87C7E,0.0163661539,2.044659612257000,,,
0xBbdAdB8D3903C3Cc8876Bbbe401Eaf9f12B78F06,0.01630703277,2.037273479022360,,,
0x5dba1E4665CFe08EC8Be5Cb5669a0B52dfe563FD,0.01624985244,2.030129814880270,,,
0x63B40f56c42A8D97E18931b80c8FCA5F8Ad99d2e,0.01623346819,2.028082894422390,,,
0xa5c646a304C88051Ca8521D8170520E807A88260,0.0162213198,2.026565169805020,,,
0x5A85F12080d4621862c6D0CdADF31bE9d14f1Cf3,0.01614135126,2.016574523880740,,,
0x92C01D54A7268943Bab5991faA95a1Af2cCB320F,0.01612755971,2.014851514624860,,,
0xb8d4eD26B2415FB8ee93aB8fd17cE490Ba0Bb3F5,0.01609591264,2.010897777594440,,,
0x726274dA5e6A70c9FD60599736409B7737d11EDC,0.01606632996,2.007201947474180,,,
0xd6a69cfb7ef31b45dC2d86b576597d959e1aBBDD,0.01594654072,1.992236415090050,,,
0xd57d1b82df027c143810587abE315Bc7AB6ca841,0.01591749158,1.988607241972120,,,
0x0b0CB9D19Ca7D6f3B42D31a52906130eACf29992,0.01591558289,1.988368784240060,,,
0xF77a8ba4BB523b59f716ed50d325371c413F18bA,0.01585349196,1.980611628809210,,,
0xe0b244654C1000E48713598a382dEEA6c7e861A0,0.01578275476,1.971774274434450,,,
0x4c6806D915a0DfDc44233f5e8B00B84AF621eAff,0.01574306376,1.966815589955130,,,
0xe82c13d39BE93418782dFB7735430D69846F13FA,0.01572207657,1.964193614271230,,,
0x9c24356588D0411CCF6903Ab7a708AF7f0eDC844,0.0156777469,1.958655410728910,,,
0x86a5b32C6DA64748A92F95528f9d6A0281334C3C,0.01565653201,1.956004987972670,,,
0x5819bAa275Df8Fa83e292077d85B2baB1694C363,0.01561370949,1.950655076383280,,,
0x4FfCc339730A09428f0387691c9AF4a07e59890F,0.0155445453,1.942014242801120,,,
0x242384E48C874Dd64eC510e737a887E8067d1152,0.01551573666,1.938415115212250,,,
0x7A398a3c39965561ADa962494C18452032Bd5b9a,0.01549196061,1.935444720956810,,,
0x19FC72CC8cBFA3E1fa519196903afa1034bb8965,0.01544933195,1.930119028765420,,,
0xE0BBab118620Ec156063366140cFcdfb137099D4,0.01541406296,1.925712797109840,,,
0xaEDEA7021a9023D9faf7631728522df29F357F91,0.01538209774,1.921719311764050,,,
0x7E5dF4294534C3C7C5dbdCa4fC87D65750F6f360,0.01537927868,1.921367119605510,,,
0xD7fEdD2fB27337Fbe535eDef27FFF006955289ad,0.01537049578,1.920269853150040,,,
0xeB0E6D2C35833Ca44B99452084f724B776E42586,0.01536535186,1.919627212222980,,,
0xD3d6546F4da39b159bEb852652988C6b4AEEf069,0.01534211297,1.916723926463800,,,
0x24a896304BEF0763AD510E60a1eBc99dAFEDC3b2,0.01529103201,1.910342269040330,,,
0x712A39d0Dda2ebD9D8e2D78E34D5241c43F94BAb,0.01526601782,1.907217191608280,,,
0xBeB3Ca2132835597cee82CF92f3C89e1A145E35f,0.01518637453,1.897267180649010,,,
0x00E95cB1CE8Fa5CBD8398e2cD23aEa89BcD3B7e6,0.01517241581,1.895523287018550,,,
0x3A7c25D88eCb77e68Ee87715E7dB2d7801de5ce2,0.01516201283,1.894223619815570,,,
0x92929142d51F5c6083ec30bAd8722f16f407517f,0.0151610783,1.894106866125680,,,
0x336F85B5cCC5B48fb83adC143b1Bbde08E17F3aE,0.01494313009,1.866878116908550,,,
0x31bc063725E521e36fEF8B725C221e4716c86758,0.01471466213,1.838335111923360,,,
0xcD19B3b15fEa69C0d0E41586a9eF52b345bd631c,0.01469875746,1.836348106881810,,,
0xB3dC69a21F8c636F7d207AD740Cc6d0358618e78,0.01469143598,1.835433418120000,,,
0xCC434AdEebC5374ad4712DC252395a30aAD1681B,0.01467148855,1.832941341745040,,,
0x99918c6454945819D60182Fcadd07319818D5e61,0.01457892068,1.821376634641580,,,
0x2488d803a20A4F79868a7fb20ac5024a8685a4C2,0.01424113158,1.779175899249560,,,
0xDD2b4f610B5174284603DFc3A2C914E9d4dfF77a,0.01412677332,1.764888869970780,,,
0x49fD56971Ad196268FB26d9a46D6E2F3efA9ee9e,0.01411930413,1.763955727088230,,,
0x5B06b5623bDd11CeC49826f09c1CA935cBe4056B,0.0140918677,1.760528033274850,,,
0x040a7454602d09307815CF87031D1d32be47CCF2,0.01396970827,1.745266387060090,,,
0x746eFb00f397ea22497345d6cEF8A161d1e498D0,0.01386711403,1.732449062805220,,,
0xa4aC7205D57194547b18021127ceF8DEcF076387,0.0138306084,1.727888335103500,,,
0x01d27aCC9535F0EA93a9564D4aC77dc2a60857d1,0.01377742876,1.721244485796680,,,
0x494e58C873a1888ee004a89CCf1e6Ef2D43DB5D3,0.01368600165,1.709822295650360,,,
0x40715604c1BA1E43A2fEF7A1852c76e6aD632C02,0.01360329722,1.699489849029860,,,
0x5043CdDD92cacc6C82963B941A28666d1568d167,0.01355653258,1.693647440028860,,,
0x5bc7fd0e03c5F74Cff99Ce0bC30cc853763D2D4B,0.01355364961,1.693287264418120,,,
0x6091c6853D903d96F8eB6A319bc7f3914fb9b1c2,0.01338113575,1.671734728350730,,,
0x3Fe813c775055ACdDdD0F79476f14B4581b24a18,0.01337922445,1.671495945408010,,,
0xE2eE3F1A359dAd3Db19c1d45bCF7de0B05672da5,0.01330684875,1.662453889780800,,,
0xBB46D6f24c2e485dF170A6cE3670652BD0E865Ac,0.01329624798,1.661129511304770,,,
0xedae23E2648c19EeD497eA94FbA55C2ce1899283,0.01316346776,1.644540986547060,,,
0x4fcCC4cbE18db8190b09f2b31deC398E5D236B8A,0.0131148713,1.638469724243190,,,
0x38d781d870663362dF45B7D059e583ff70108DfF,0.01305641124,1.631166180256560,,,
0xbf87D8159b9D72F8e0Ab41aE67daa5C9586Ed2E2,0.01296977188,1.620342134321340,,,
0x78e29D0aA06F22fE5A3F6b71B90f7a37a63b7F9A,0.01255459175,1.568472767069300,,,
0xAf40A2a3089F7BaB29d02B02f44F1A297d627c99,0.01242524043,1.552312623031330,,,
0xc0F8dB4f5760f839DEe95D98EABA38b41AD8d378,0.01235122834,1.543066128915260,,,
0xB51a4e5d6C6Bd24B2ECB67Bb1C8918eF49549Ae8,0.01200526894,1.499844660298410,,,
0xaA3A946bfa36269DD028d9808b51C6140956dCA8,0.01199979923,1.499161317648880,,,
0xc73622FFf7A789B014926926533Fb93278816b49,0.01194325021,1.492096524202380,,,
0x63b87F927a52A281FE5E41a7A092e7de3eF22656,0.0119315865,1.490639350318130,,,
0x18FfEf2Acc52f74b6b5b1F581bbaF1683Cdc5560,0.01188845388,1.485250698218690,,,
0x99216CAc9c8370CAD13Ff05c10F2ebd561162f1a,0.01188629505,1.484980991000510,,,
0x999Ba128d1456Ee2169638DDcCD4028D84193760,0.01180308581,1.474585476565510,,,
0xc7C1303EE861e761Fea83376f6B7eD22650F19a1,0.0117846838,1.472286473581110,,,
0x9c6c8Def3Df4D7F452aFbd914318B4cA69Fcf3A5,0.01175760734,1.468903751988930,,,
0x47130838a19308DcdfeD8B553CA056c5c6199B06,0.01171342051,1.463383394301210,,,
0xC36B026E8dBe684c4059dD9C280CbcfF793C74B4,0.01170050418,1.461769728724070,,,
0x24C929A134E89FbB2C059c8484A3455C988B3C87,0.01167682629,1.458811597187690,,,
0x3ebcAe88acbAc546681663e1b84e9C23165Da618,0.01158764379,1.447669831434140,,,
0xf92C25D76b3b1329Ae61b398A890f1484b31e045,0.01158649508,1.447526320811600,,,
0x56fcfd176dd70397f467a91Df8d0015185bb7187,0.0115715082,1.445653976715430,,,
0x0D18c6D0265178580D0f76e05eB8366dE5E540C8,0.01155648177,1.443776691801790,,,
0x8f49969152281288ceD000beE2A916277940523B,0.01146444192,1.432277951277290,,,
0xE367f4526451a17a1e51765902E431794B1B67cF,0.01139703966,1.423857237937350,,,
0x44f00124e6085dD3ffF5F4F8FaAE604675C65d05,0.01131669323,1.413819382114000,,,
0x366E79a898439D53EA00b4c9C8f3C12C632C36B6,0.01117529073,1.396153656516820,,,
0xA7eC3d54dDFD48b79f826C94abE6EC793Ef2e787,0.0111269129,1.390109707982710,,,
0x400f20b52547f50F177F7716829162903B032865,0.01103036787,1.378048124500940,,,
0x043052ffCB3c31fc0280e7FfEBDB48fA4DA19716,0.01088284276,1.359617487675650,,,
0x898da517B41EA737338A5169a4b6D6513f93081f,0.01079638985,1.348816735426100,,,
0x4E68375abf28BF43c6013019f9649FB00c6D94EF,0.01066027523,1.331811636993360,,,
0x14ab0d3665e5d2A29F910eE0417b9Fa9f62537b7,0.0105419028,1.317023108828420,,,
0x525B33c34ce1F2457843fCF52DD9334aD8B3f523,0.01043342286,1.303470470816010,,,
0xf8b73B5Be7a53d55B2Bfde28F6e1dec06104D188,0.01025444111,1.281109888008520,,,
0xC85990D3E3B898DB6Bc8516A82C7ca6534AA170F,0.01012261495,1.264640555485310,,,
0x61De6Aa0709D2217EEb4B0e25903D14224C8604D,0.01005407958,1.256078280395190,,,
0x93bd754ef78F2D1Cb4724618F61258Bb18f68314,0.009915259557,1.238735190006420,,,
0xDDF23D4Af5847B4330fcb0F060f79Ef451dDa34f,0.009720770149,1.214437200389920,,,
0x79eBD917eFb9F27Bcb7F7D5BCc89b9127f984779,0.00963576166,1.203816902883670,,,
0x23454C96f7058251895A8D0101B267d531B288b9,0.009634804119,1.203697275215010,,,
0x739d486C2c7E680D70B7C5205Ab8834A2Bd0D329,0.009574499848,1.196163329924160,,,
0x36F12Da92c05Ac7e266761999a0FE336c559BeB8,0.009474647154,1.183688513138040,,,
0x28e95Bb1384D287A416cEec002cE03B2Fdc4d106,0.009466174046,1.182629949196600,,,
0x036a45d859211190338b5B2befE921Ef6442F2C4,0.009321790116,1.164591747075170,,,
0x66DA7f1056C459e734a7111d723A332D790B1CE6,0.009200805725,1.149476900991300,,,
0x9dAAbcf1dfeBB73377C01a9b75aeaf2a7A620529,0.009181309787,1.147041230610160,,,
0x3C61d8de93a5b68369965E8B7f2f67CF65c2789C,0.008983802128,1.122366164159630,,,
0x114DbB645C7466Ef0175ed93CEc0aaD84fe8096b,0.008871252309,1.108305067675550,,,
0xa69Ec6A9c4f2416318cCe8d1FdDFe06ed97674c5,0.00831489939,1.038798673524540,,,
0x43061e19787Ca02D9044D50ed2adE6B4D7d94A0D,0.008276725456,1.034029519999740,,,
0x94FEFAA10D5bE6DA4e3F706668638ea4f438C4f6,0.008272507143,1.033502516907620,,,
0x792Cf4C7A525C291bC9B4E036F1832f99a7e351B,0.008247880644,1.030425874170830,,,
0xd7a3c12497f4dBf591de17f7A47417593C8B0daa,0.008236786521,1.029039861018660,,,
0xab5f5AF8ca8a8eCefDf65550d69B6a3Cc9A49c4d,0.008043605657,1.004905350659790,,,
0x3411D364e0CDaDE46B5c3fA4Bc1eCc6b38ECEa7d,0.008022395899,1.002255568905640,,,
0xA0807AA27d359eab65000f51fA57105b014F7630,0.007927978526,0.990459798813872,,,
0xAD19D7A1acEf592DA5Fd3De8D203E81007Bae086,0.007814935742,0.976337115081928,,,
0x39046678fE425430Ac467094D46aA0Ba376B3f16,0.007777753079,0.971691803277787,,,
0x585B72047ccdC9D2331EC6041ec858E8A634948D,0.00776855631,0.970542830683984,,,
0x5a7E5D413f5c7801Da89Fe780417134Dba13f058,0.00751844687,0.939296108102884,,,
0x5e2166D4AA367913077D1Bd947200070a0DEeaFA,0.007515484439,0.938926005014076,,,
0xA3B060C6A30EF9134DB354F5A97f8BeceF87c60f,0.007473263539,0.933651255063037,,,
0xDE18da3c34d722DcC6eB72dB4D955a1498105355,0.007351367799,0.918422552082474,,,
0x22bCd1eaafE1a96426bae6ef18dc0921a0b48953,0.007340230435,0.917031136691415,,,
0xCeF2209ba41962723EeE972Fbc015FaE348554F9,0.007231354173,0.903428985825206,,,
0xb5eBe1Ba63F3E3e533A0FB38134CdD56f7fc8607,0.007177150087,0.896657150047902,,,
0xc602D50ffC9c127212Cf632ea0C5232c9eeDD039,0.0071697877,0.895737350864266,,,
0x4bAcb7B58D98a0Cf46042B0E0b0a63BA7aC4e734,0.00716855762,0.895583674336306,,,
0x40de17bB9AC0E9EE705eb402Cd364e39bb78ba80,0.007168060553,0.895521574588932,,,
0x957f2B066409982D13614481f563Eff07b764Dec,0.007119874556,0.889501591948769,,,
0x054C752c39EC84C0f0C87438498B6ad5A130e562,0.007110928099,0.888383891442364,,,
0x9c31821A0BDAd84567963507cCd634A067eCe7d6,0.007019040497,0.876904171146846,,,
0xEc96B01A89a303A88b596179C909EC5e86c79E0E,0.006950863481,0.868386666637510,,,
0xA74d78caE00a164304F4729843266AD9279D2631,0.006902178477,0.862304341877927,,,
0x6b58a0684f55b983325C49AA4a721a389fD79eBb,0.006846099036,0.855298213970585,,,
0xbEA7802DDE89605ffF2d1aa61b721A2b1DA57034,0.006844719769,0.855125899100477,,,
0x1Dffa239754417211541714BfBACD1a4b3f3D872,0.006818250879,0.851819082484045,,,
0x24083D844716eF1EB16AF16C54743C39DB5EBfa7,0.00678914153,0.848182387497426,,,
0x159d9cE8941c8A258a0672B34a3C00B3ed9c0EA0,0.006732625768,0.841121749032238,,,
0xD1DCf8022f8e86c215D2f63fd49EDC86B0119F44,0.006711807911,0.838520928251922,,,
0x42abCB73f4b6629c263Ea0d9f277D0C2E62a9b43,0.006702972368,0.837417084525280,,,
0xD5dC2C8963DD02E6003a59BB5AD8697b76b72e21,0.006688078053,0.835556304906838,,,
0xf07f39c54C06049AA6deda84Bf2531Cd659407f7,0.006674630197,0.833876234693603,,,
0x383a6B5e4B5d087CDa42eCaCd17484cD2343cF46,0.006668723852,0.833138341991756,,,
0x72A790392BF0FcDDF097DC755A2C39f6A55d1a25,0.006577402229,0.821729330759306,,,
0x4CB6bdD49372E998b1DbFaB47ad78Bfa9d15CaD1,0.006559213455,0.819456967150640,,,
0x3893755f9dd2aEff35f51c7e60EFd915E3Bb0887,0.006521233249,0.814712016544018,,,
0x3Dd58278f69B07BB4fb39F127A42C6F8A9b3595A,0.006512542075,0.813626209059573,,,
0x46d9069aeF27E394D14f5b882699CF17c39Eed9D,0.006505018915,0.812686324098538,,,
0x2b5F0101e5b1cC3957A54d71C266A2213077340c,0.006496844509,0.811665077530536,,,
0x9E7530B8547ECB4db74106651a6eAEd26976Ed33,0.006494194118,0.811333958409176,,,
0x1401a0684a6035FD1DF77f186B23211C88867F6F,0.006474745735,0.808904229123077,,,
0x8516cFEbDe7545ff5F7d0001b71Df9fB68e3130E,0.006460336544,0.807104057132630,,,
0xd77a21C92c8E859fE89ce42D7E9abd9454237De5,0.006454856857,0.806419467861877,,,
0xA81280e0946a018DeB5deBBfbBc37069fb1F03d8,0.006454548568,0.806380952547161,,,
0x9f7113B92D0637a418E5E06A8CE766465F901EE6,0.00645387158,0.806296374993200,,,
0x8403827b6756A73DA82774ed32D18E3b3c5f483a,0.006448064768,0.805570917202358,,,
0x2cd49671453409731418462FD6BBeCed2e1210EB,0.00644529407,0.805224767822821,,,
0x4a30fF2AFa25809A48Efe6d3C8D1a0F49cF687F0,0.006435084336,0.803949243237101,,,
0xA3cE839bB269201bfABe1CCf411F46EBCc840232,0.006430401718,0.803364233486407,,,
0x95A657514E1272E41941eE390c7e8D0C663Cc57A,0.006429222382,0.803216896456608,,,
0xb1D6e1F17Be8E272E063Ab481b3c3FbC178b28B2,0.006427869404,0.803047865952400,,,
0x2bC9550f34689CEAE8Dabfe66419684561353b04,0.006422162865,0.802334935542595,,,
0xbc6A778033E2e4A0e088FC840e1FDac9Bc6Cf816,0.006394329979,0.798857711757040,,,
0x532f85cb00D54934052323426ef20cDB878B0aE9,0.006360510347,0.794632550726851,,,
0xa12bfe498b9b7DE716A620c46Bad32F179e2ef2f,0.006355907205,0.794057470149524,,,
0x6972592BCB8Adbaa811b81f4E2A72977f7EDA866,0.006338720643,0.791910315125800,,,
0x3E1BA5FBf8cA235dfE6cb60e8E2685789773200c,0.006297468506,0.786756594935200,,,
0xC9dD69425DDCf1084A2c1918A5FcD2592173FD8f,0.006253197003,0.781225658669861,,,
0x0268cF4f1aA05d13eb6f7064aD80ce3E446D6475,0.006252454113,0.781132847793183,,,
0x469c840E1C284d531461354505dc3Dc27227B15f,0.0062347569,0.778921896043490,,,
0x6fCf2a220Bf948874D3996102B0A977Dc5CB46Cf,0.006208993154,0.775703174568283,,,
0xb9C4449f4238A893b91C3692A159850b1B36ECF2,0.00620824904,0.775610210774639,,,
0x4BDC7C9Bc413bDebb4441553C3Fba993337F67d4,0.00618832334,0.773120849140151,,,
0xCf1C4e49E13F695a396db271782c557905f57a6F,0.006176642868,0.771661582129478,,,
0xB4885175cC4C7994b645dc5eAd4dD350eDc2d484,0.006168661267,0.770664423179440,,,
0x1679C34915A1F57867d98cC0F0c555ED261C534A,0.006155295498,0.768994608274436,,,
0x4ece2e6A27c94Ab9B2C55bEf5E1e9D168499a2D1,0.006139249972,0.766990005384340,,,
0x88d09402DB0684a339fA8a53331d0723465c4E52,0.006131797041,0.766058894280226,,,
0x50F8d3bd8b3E02254BA2E092eb0d73f4ccaed4bD,0.006110533253,0.763402362489558,,,
0x06FD742936074bE2C3709B46868fFFDd3BEdd866,0.006100014851,0.762088275325656,,,
0x9A06eCBCe867074CB8F03881c81794Db2939768d,0.006069119924,0.758228504129902,,,
0xAaf6C371739851bab9C4b6e6cFBD45B2BAd32155,0.006056173968,0.756611137435546,,,
0x7A23408a4f4658980bc4Ca42161FA0Cd8FeFD2b6,0.006045848547,0.755321159837100,,,
0x94808379b4148f3266650f7E800D0AdD6B2a5e0c,0.006033016842,0.753718066685126,,,
0xb9791EB6B1D30c81788b921683B521d849Af75a9,0.006025528291,0.752782505599979,,,
0x2D48b37751c238f876364ff9F0F4D1279393bFEF,0.006025015314,0.752718418257444,,,
0x1B36C5eA0180bC0faE1952D8478Fa026C5290421,0.006021935652,0.752333669276592,,,
0x9AcE721A0861aba6e912342BBC6e3492c31f72ba,0.006018297008,0.751879085439944,,,
0x96f249ED697Aefb012fDba159360c69871cC2A76,0.005938795119,0.741946739511410,,,
0xc51C9fBbD3d357D5B0715E51BE2B4633DFcD60a2,0.005906114861,0.737863923056058,,,
0x92757E7bc04CC00baF904657AD4a7e2f507569cB,0.005903787064,0.737573106181551,,,
0xEd9bA552A57277f3794B3538456d3a4C56209b32,0.00589879729,0.736949722775116,,,
0x4CdB6060011e28c6cC709CE432c5762Ff30C5f47,0.005893263356,0.736258356243072,,,
0x9E8A903f80b58f5FBbBf4913e528be5C043aF5Ed,0.00584962226,0.730806178126006,,,
0xd767404559677234F29Deaef5f0edAB214F1F1Ea,0.005846150488,0.730372442008556,,,
0x709C4e0e21D6419371060802746541a777314291,0.005835314745,0.729018708828609,,,
0xdFE23AB72a3EAf394B7B05f7DC2DaEd23a767788,0.005833804149,0.728829986746005,,,
0x46bC1Ee969fAC56aF774925b2770df059DbC90F4,0.005769317683,0.720773550681248,,,
0x8d655702577D850E46a2bD778Fe397917040318E,0.005746634948,0.717939746643346,,,
0xE8277F8bc6B4D0eF0615Cb14688388FE92aB5523,0.005733485184,0.716296917692751,,,
0xc8cf47a597B5133fADc46f816111bBDBD5558fE3,0.005725296565,0.715273895485965,,,
0x69795d267fAd3889c4Ec76B10F04af09104055A0,0.005719424658,0.714540305313518,,,
0x4Df1AD048308B6E30D34A3894aeFbAd3a18B6f27,0.00564228786,0.704903435370063,,,
0x730661770d8023283250af8773D9B4708163E486,0.005567820229,0.695600030446405,,,
0xE08a79Cd49F1b9aB99fB47D489A8186a6f32AA96,0.005565567411,0.695318580914243,,,
0xD6BF5fa70E944F755566F79f08f542265f910508,0.005558782927,0.694470980347346,,,
0xCB2697D759D017F6Ca6E94EE3Ba029D2Bd1F5f5D,0.005529309694,0.690788824551445,,,
0x88907875eC189d20689F1c3fcB6b0b3d1aC2d400,0.005496931559,0.686743752882210,,,
0x18135D7a890c1246d64B12a009C1fF780cEee71b,0.005377964404,0.671880924550625,,,
0x84AD1Cc263FD714f84b4fFf358e58d2332E99703,0.0053558611,0.669119510107944,,,
0xF07828f3534E49fb9fBE90DAb53F98ed48C131b7,0.005348166352,0.668158188261083,,,
0x45511Fce841b6D4Ee3c8F97355a4c37f0412E24c,0.005325272471,0.665298005353270,,,
0xE5F6Ffe955448E7F59dE8e28E1e841b3e654943e,0.005272977159,0.658764637007996,,,
0x5f0A7106391d1B5E54F32F64374F50A7CD5DFF10,0.005219122305,0.652036431577147,,,
0x9Ed4871954CEDf05b775a8F6d43Af64B6915A961,0.005209454449,0.650828605074708,,,
0x70dCeC40d13B4fC0E7A8b89983CFA37cf842a081,0.005129506633,0.640840548569106,,,
0xf98C2efb0dA10e97D39aee89652D0D717DbCE955,0.00508451302,0.635219397495852,,,
0xaD551f02A7521CfDa84f134Ec1009ED9F3176c9e,0.005069100288,0.633293851037743,,,
0x63F56b31d5266274C0D6A8aD3C15A9D526fAd6C4,0.005066378408,0.632953800559851,,,
0xa8a0cb4E2DBbeC8057e69B1d4D69E5cF74EAc819,0.005050297635,0.630944794135844,,,
0x1CCCe5fa2e19b0ec2fb075234ac7aB17CD6e1a56,0.005021543556,0.627352483795853,,,
0xDd475a305cd9b4C328201941E4E373330fB9FF99,0.004984529738,0.622728266176443,,,
0x1044F3E3983B896e5A62304EBBf8362D55DE16ed,0.004945139032,0.617807098579398,,,
0xEd18bF904Ec97b8263D420F4909e41112eAe36b9,0.004942781946,0.617512622692762,,,
0x2EeD8F93aDFfc977da5cB824a46f9b12A819c16e,0.004794934213,0.599041680052282,,,
0xF8d1A0807Af85b4179E08C245e7358b08D611D66,0.004780095541,0.597187852134217,,,
0x087Dedd0793dc53791851B860596B3DF891c9838,0.00475572557,0.594143258058029,,,
0x5F727A8fd0680F6276772980fFccBaCD43d57Cd1,0.004754991989,0.594051610208529,,,
0xafe775D6669C2bA2E9f3449da3602bB52C8cD209,0.004753548382,0.593871257212631,,,
0x65FF0a5Fc2398e3F9107246438C4b3F8281b2921,0.004692765598,0.586277530292226,,,
0xcF9215Aa9360Ea49DA16b68C4515D0b1c6648C39,0.004691457062,0.586114051938334,,,
0x5da3eF4F406af94Ac903B163853d8B1F27C794e6,0.004637880801,0.579420651769647,,,
0xBA8541AFDFE44fD162b287e992b5996234b4E04a,0.004581122006,0.572329650623825,,,
0xaA2E378695399BC002782ff9C78311FECb317Da4,0.00448358402,0.560144015450177,,,
0xd08daa7D0849FE3Efbf17F9Ae0c8a37C6CD6e9AC,0.004424712952,0.552789123453378,,,
0x3cEF4a96519c5f9bBF94505C62d7D081a54A0452,0.004365973921,0.545450727114657,,,
0x571e820C3e69AfCe1FB8b8eaE52f0a30A7f93EB5,0.004330558563,0.541026208534029,,,
0x5eEE56F4B48cfb193C683Bd4678B46810A94AED8,0.004232224218,0.528741082507342,,,
0x2592BC6706f51E550D36C2412769F36b2B8ACafE,0.004184355062,0.522760683426630,,,
0xccfee862f8B6FF7ff6fF1214E1be6C9d41197B5f,0.004067331767,0.508140705826497,,,
0x300B384e19f1514381871D97b559eAbCD473A497,0.004019125489,0.502118189358507,,,
0x92599f6142496EC8e97a60Ea64402a9D020fE9f6,0.003963421743,0.495158997916349,,,
0xB9E2615D60a33DAa21EAF3280b453661f6Bdb650,0.003942537044,0.492549826426687,,,
0x9a5d87B0C9c1739Cc75EcA9d99e2e44d922407c9,0.003920621357,0.489811851490238,,,
0x7C47e5D1425F2CcA75daA7F41eDA4b421e1D5295,0.003905216187,0.487887249733779,,,
0xa107A2eDf3C07F9DE4bFC3Fd03F429c9F6Ffb7E3,0.003898069074,0.486994345109797,,,
0x7B5846458F30D0EE361cEC4fF4E49C6116Cb25b3,0.003850632507,0.481067990481002,,,
0x749a05ce712CA5369dD44e5d4F872B71578f3e2a,0.00381061803,0.476068893897906,,,
0xA7B330b0E3B9D160EfACB692f647861A4911cA9F,0.003807994267,0.475741101369633,,,
0xAf11c116C01Fa28d752e05630F384a1bf5A0E6B7,0.003740894635,0.467358196678363,,,
0xb8EA25C26B2B00edB30d2751E44CfEF034437e87,0.003696598013,0.461824122338438,,,
0x95EF3bD90311636b6CA71E5D12ecC017a316aF9f,0.003695440979,0.461679571456877,,,
0xE6deADE40Afe4Acc33EB4de6C07D8ba05e5eFACb,0.003635785811,0.454226720086437,,,
0x3e4bDa253E4b7865e21CCE4b4D408387a0788028,0.00360653943,0.450572905351626,,,
0x0888E1d0Fe35991b5237561A22d4E413839489C7,0.003582921353,0.447622247117319,,,
0x3001535F4fe775c59D5AC8428ba08e2049ed45Eb,0.003507218053,0.438164467285354,,,
0x28F849315219d8983E2Da59a83DafAB88432Ce35,0.003490916188,0.436127839349918,,,
0xF57a70959d285feC3B9e6C11a397C6EeC03Ae7CE,0.003459176659,0.432162550240758,,,
0xbF7a1E65cc653EA2f9B9be47Ba621fE057B840ee,0.003432613372,0.428843940279499,,,
0xB2ed5aB39bF826AdDb452d6beCDfB8465588e57e,0.003370414076,0.421073245485189,,,
0x312675eD4209a7F559836904D236a10D977B83a5,0.003329668078,0.415982758309970,,,
0x0A8Aa4C3e4f2E51dC1BaD007F9428f70Ce291d1e,0.00312459089,0.390362013929042,,,
0x85cD8494a1658E8680BbdD83f51DCff1C5410F30,0.003124277185,0.390322822188503,,,
0xA2dA4800227d16c2804a366A1AFF60672B780033,0.003122312499,0.390077369645223,,,
0x923860Fd5867E2f85555b17f8A4A2CD7Dd07978F,0.002881563519,0.360000069898146,,,
0x253EcFa4Af7F0FfA02E3d6e67ac338ECCD831E74,0.002603060558,0.325206082216390,,,
0x2e2B1c42E38f5af81771e65D87729E57ABD1337a,1.03E-09,0.000000128805657,,,
0x5EF039fA70ec0e6C210160072fFF425b43fc8E1B,1.81E-10,0.000000022594466,,,
0x65D71fF160aa78efd391214387F03029eFF9F5A2,1.54E-10,0.000000019289007,,,
0xAA38e3658D2544c523602aaF76e5C708fC35c183,1.39E-10,0.000000017355485,,,
0x2a9d61E86f11FA11CAfcB084a4102E21bD87ccA6,8.49E-11,0.000000010611262,,,
0xa47d862092ea26e1Cf7a054a23f06EEa45Da2ACA,8.46E-11,0.000000010565650,,,
0x7Ca845d18d24a78B4521E53973f4f3E95B2336Ab,4.37E-11,0.000000005462382,,,
0x409471a16787D8e10dDD886D4c6E9785b73C16D4,4.12E-11,0.000000005150080,,,
0x567F86E6ca46dFc0CC024B6ddAb1CB66807C1653,3.63E-11,0.000000004533537,,,
0xEF0a2b875d5D678Ce47B7ab642726AeB61CaF35D,3.06E-11,0.000000003825993,,,
0x894230b2952ADA8a8453d1367Ea50C38EE62eFB9,1.06E-11,0.000000001326593,,,
0x71D2572f03D292503d58DeBD0712c2e84B645F38,9.01E-12,0.000000001125894,,,
0x50A3153A47e645Ac00cbaf35719C42568825F5F7,7.44E-12,0.000000000929967,,,
0xd39004cE657e2Ec0175f9ea24Ef2fcFFfFc9D889,6.93E-12,0.000000000866332,,,
0x6F52ae7dF07407f7780C51aBFE4ba014b70aBc4c,6.48E-12,0.000000000809321,,,
0x01e26031FA61D1f51CDeBF5367c2Dd723143834A,5.70E-12,0.000000000712722,,,
0x9a8B86D0151556E62CFb322F901cB5bf15119ec4,5.51E-12,0.000000000688745,,,
0x9E9eb4e8eb04831C9b4eccD6197ff39b68aDF714,4.84E-12,0.000000000605190,,,
0xA0827a1a33E4D6B66a7D22D9A39893Bb5Cc7816F,4.75E-12,0.000000000593323,,,
0x6B0404a6476e2D707050a80ecC051435e3e7A742,4.71E-12,0.000000000589047,,,
0x7433E3e1370d42e4dC0009ab1085A9170599DCfC,4.37E-12,0.000000000546463,,,
0xDBAFfa56B1B777647A2fE7C570e12827230FdDe0,4.26E-12,0.000000000532630,,,
0x828948D080e799E4b26E37d831A0DA24Ee7EF1c9,3.92E-12,0.000000000489264,,,
0x01B46CE63FAdcde524998d9387c6C2CfE9D9A3cE,3.78E-12,0.000000000472108,,,
0xa9160CB8afa248e1E19bF59B21D654A84eC025F3,3.27E-12,0.000000000408156,,,
0x9f3F75BCd741544517C58b6491aBcbbCbdFF7764,3.02E-12,0.000000000377171,,,
0xfb9d8C0bda29669fF9E6cBD66a793f2D2f7298D6,2.39E-12,0.000000000298677,,,
0x6b7d8C7682cc336DfE26CC3e5042459193808bec,2.39E-12,0.000000000298328,,,
0x7474022ACc363513d5881F8b0023e1Ba03537956,2.36E-12,0.000000000294447,,,
0x2D266A0f7D3a8Ddea6D538919F6Df11cA8916Fb5,2.29E-12,0.000000000286068,,,
0x6ad4a11A864eC24b209FbB9B0117422106a1b16a,2.27E-12,0.000000000283442,,,
0x4AD7B23D3A9f4D165Bf164Ad45745a18529f57d9,2.13E-12,0.000000000265487,,,
0x9e12800Fc54fcE0a8424063622Ce5fCb9fe53168,2.09E-12,0.000000000260948,,,
0x83a897F979abf1A8Bf09457169E7fd304D05d151,1.71E-12,0.000000000213062,,,
0x5A68fa975f400679b88F8b43c4a8A0580E7F9cd9,1.60E-12,0.000000000200205,,,
0x6e46b24af88aaeaA584A6C9c0B33df7b8db2ad24,1.60E-12,0.000000000199269,,,
0x63dD7C1f6cBDbbaCBba71D53b818D3802B67F0f0,1.56E-12,0.000000000195462,,,
0x69B624370c13C275747f829284EA2e3c13930b90,1.53E-12,0.000000000191067,,,
0xc94c476AF6d5b877D4B8745d9D998B765a491573,1.50E-12,0.000000000187977,,,
0x80be65193Df379101ac65439133807B8D908C88b,1.22E-12,0.000000000152941,,,
0xdd538808628dA48627057E97c6BA82588b80e4B7,1.21E-12,0.000000000151208,,,
0x3828EC2df8545Bfbda7B3B3b6B91ED18b2419133,1.19E-12,0.000000000148247,,,
0xdFde1b1C9889D878025ebD666E10f6981c685B05,1.10E-12,0.000000000137499,,,
0xE312122FC4a46Ba4806FAEDC3a822AcEf3f1B75a,1.01E-12,0.000000000126209,,,
0xAE7435C19f2458b066C03fd4C6be35f4De922521,9.84E-13,0.000000000122978,,,
0x43F44d1A17234883cD828463b929f55b597f9d1E,9.51E-13,0.000000000118868,,,
0x482867e0C79d20a42033ee0E3916337f640aE2eE,9.05E-13,0.000000000113082,,,
0xb56105E19E2d6c7Ae6bfc7A10a9F616ba38c76F8,8.28E-13,0.000000000103453,,,
0xEB26906094d5cAb844F7cfC63ED0f0C78f8B47ea,7.24E-13,0.000000000090512,,,
0x1bD803e8cBE93416bD2E97FEfda8d1553C39bEa0,7.06E-13,0.000000000088150,,,
0x534D78dCe9757596Ac3935A20C41Cde68E73cFd4,7.03E-13,0.000000000087854,,,
0x290DF531D5d9AbD790C4544F320E2B25cc88c0Fc,6.97E-13,0.000000000087045,,,
0x0D8b414241073612A388C46c7d390AA916e6C8B5,6.73E-13,0.000000000084037,,,
0x810Ba41B703FbD1c846c6f6535A98B37f550fE6A,6.60E-13,0.000000000082456,,,
0xdfb75D35a836636c846cF2aACB656Af30a7d3ea5,6.48E-13,0.000000000080999,,,
0xd72f88B59B73870ce1Ea3C985C1592C388B959f8,6.48E-13,0.000000000080994,,,
0x2757784140d6873502fC62fb378Ea4104535b05d,6.48E-13,0.000000000080994,,,
0x214C0Bf33c2f0D48f1f0F16f9b71F015FE21fFb4,6.36E-13,0.000000000079488,,,
0x6986D3d8860Ec43eE13746270cF32a3001ff9591,6.30E-13,0.000000000078702,,,
0x19E1bF2823f2D9a5d9e8D6b3dbF4A33C7C453F13,5.67E-13,0.000000000070778,,,
0x39f8F1d7b4aC6087eE65445355cfbc95Da62cb54,5.59E-13,0.000000000069788,,,
0x92d1F58916787B7E9933E177EF2470629B293C41,5.57E-13,0.000000000069642,,,
0x99Ad8e4Ee34F80931697877aFD949288CB0862d8,5.49E-13,0.000000000068577,,,
0xdc2645B4085f799d77660cf676f9CFe90d665b45,5.10E-13,0.000000000063711,,,
0x07a48e11618875d04611b1f6807c29f1cDfb064a,4.94E-13,0.000000000061751,,,
0xE28b69B1Cd8eC248458d99F41751b1484889c156,4.90E-13,0.000000000061194,,,
0x1acC072C1709c3E6A6a878d00bCaCd97F9b008D7,4.85E-13,0.000000000060628,,,
0xA02cCF649F804272E3879Aa4e5547e376aa922Ec,4.76E-13,0.000000000059464,,,
0x0dA62fE23CE0b03548ECcd977d0C741b663393da,4.76E-13,0.000000000059443,,,
0x2451e898DAb62BE74B48C08Ca646e269e4f096f5,4.63E-13,0.000000000057869,,,
0x548719fBA49B4aF6ea1FB5AB7e806A934E408f5E,4.51E-13,0.000000000056386,,,
0x97438E6aE7559fcB28CC2Ec7ceaB84218b4b55bD,4.42E-13,0.000000000055235,,,
0xf97cd2b92edd5346Cb1e30Ea6Ee49cdE4899ab69,4.28E-13,0.000000000053493,,,
0xc2B4F7bd5CBA7358D42cdF0712A95097079AeB6E,4.21E-13,0.000000000052634,,,
0x1305E1FBcE64442970a5f2A5e9555CAE2EB6EB49,3.97E-13,0.000000000049656,,,
0xE680A57545d2319A7A09Dcfac0a2Deb46E80d51f,3.85E-13,0.000000000048075,,,
0x6F30dd1A693F3F5e4ACEBA17006f67F993936c2A,3.85E-13,0.000000000048075,,,
0xD65480C8FcBA56af1dE29793d0AFDe3F36B67F51,3.85E-13,0.000000000048075,,,
0xCAc1c83543d583A195ba976e5227C39C0719069e,3.77E-13,0.000000000047142,,,
0xA9e3B7D6E9D91d3e06c1b2A30f87AC31Dab8b60a,3.55E-13,0.000000000044330,,,
0x81D8156828901E66C633E591374A59Ed11927146,3.48E-13,0.000000000043416,,,
0x76885d8271A0ce5Bf771dcf9e305Cb73a6e0B1a2,3.43E-13,0.000000000042871,,,
0xc1dC0bb0fd897C36d477Fc25742e13DC4b73250d,3.20E-13,0.000000000040036,,,
0x626188b3C094a98Df55ABe3cc0a3Adde60a656A7,2.75E-13,0.000000000034383,,,
0x1Bd58e04FAE3f3547F5A2c154Df9Fa0876538430,2.73E-13,0.000000000034119,,,
0x3fB7a69bd95Eab6E6BAc87A446F0b5bB9956d28d,2.66E-13,0.000000000033249,,,
0xA32dd2BFF7E61FB0EAd6ED68247806565A424d84,2.64E-13,0.000000000032993,,,
0xaCB3a6051d5B41B244A6a35090e6065E15c1E90c,2.42E-13,0.000000000030190,,,
0x90F2Db7cD764b558fc575B38A44e03DB00B8b194,2.32E-13,0.000000000028976,,,
0x5e1BF23075E72728069f58B6C7F73D56238EfB72,2.31E-13,0.000000000028866,,,
0x961DA594bA1779fE46164fCb3Fb756524BC95a0a,1.98E-13,0.000000000024681,,,
0x0D8C40Ab2F2a67DF76892Ec15A368dE297f5A6d7,1.95E-13,0.000000000024384,,,
0x6568a7d48583Fe78D040F67ed64cE22210c3B61C,1.73E-13,0.000000000021664,,,
0x42d49141dD31E56cF9619dB6FEDE21229cf4d873,1.45E-13,0.000000000018106,,,
0xd9CeA857adb1c4690d488a1a5F459D472980e65C,1.40E-13,0.000000000017538,,,
0xE7c2863e0F475797FA7dFD6395d9057450D7B97a,1.28E-13,0.000000000016035,,,
0x59b40D9F612c76247625151C7713aCe4b09cC759,1.26E-13,0.000000000015779,,,
0xecd44d975B3ebBF27CB551cd2B178DeCA914B24C,1.25E-13,0.000000000015589,,,
0xce2cE8c4a551316b457c0e15b8Cf3e3bc6035F9d,1.23E-13,0.000000000015399,,,
0xf873A21D842bCe382bec597D5d6fb69971e10B54,1.20E-13,0.000000000015043,,,
0x86b07F71041b45d22c1004A8e122aE54d50F3E67,1.19E-13,0.000000000014881,,,
0xec42a5accA070F1dC27ec8Ba176E0C847b5F9d7F,9.73E-14,0.000000000012150,,,
0xD910cEeb8f9895f285E44bD2F687d0b9e8221FC6,7.25E-14,0.000000000009054,,,
0xB9C721c7Dfa5cdbc780a358d34d9B8CD4b6d429d,5.83E-14,0.000000000007284,,,
0x354ebd15Bf687Bd478AF34C98DBB0bF2556A7425,5.25E-14,0.000000000006555,,,
0x94d44784313d74c2EF37101051e013c0a4185D31,5.12E-14,0.000000000006401,,,
0x87141b412acb541b4Bf8E077a1AC22225C46E2EA,4.52E-14,0.000000000005645,,,
0xeB32eDC9785A5f2c5A8e3aeb3e7841Ff696d28f1,3.74E-14,0.000000000004677,,,
0xd1f3b946887dD5BE9cF532010256DBf218a18463,3.39E-14,0.000000000004241,,,
0x211DaCC2B91904C112D27e2d9ee0eA00E1BC0a87,2.78E-14,0.000000000003478,,,
0xF61B983E60Bdfc41C723F1eF354691773D06A953,2.70E-14,0.000000000003376,,,
0x5569091e7Fd583Ed25FED54abeFA71DB5FCf80f9,2.51E-14,0.000000000003141,,,
0x106EbeF3084EB6867B659AC4E76A1323744D8e1d,2.44E-14,0.000000000003043,,,
0x4B7d8fFa19c47232148De26b40597d7c2860C164,1.62E-14,0.000000000002020,,,
0x18b735D3D046E7127Ea72F381408CBf749E56365,3.85E-15,0.000000000000481,,,
0xc2703e4be7f497494AC465ebb17278fAC71A0Afc,6.43E-16,0.000000000000080,,,
