wallet,reward(%),ETHFI,,ETHFI TO DISTRIBUTE,"13,659.18"
0x68242cfeDA40Ff286b045D388f4c5859713027AE,38.76398796,"5,294.84289046560000000",,,
0xED31BeCD06fBFC54E9d4294059e473254265eAb2,29.26150785,"3,996.88202739448000000",,,
0x85bD43dBb99A2290E4cD930fc6B952D903f83fFb,6.596460993,901.02248062165100000,,,
0x4f2204D3c9965F031f9147B0558D01D6b56ce442,2.236116726,305.43520855245100000,,,
0x4e3B22B00EedeDb66C1F62eedfceAE453Cea70f3,2.103239872,287.28531992191700000,,,
0x6251Af50ea360b715bC42eA8fe416a74AEaa7624,1.865549782,254.81880267555300000,,,
0x2e2B1c42E38f5af81771e65D87729E57ABD1337a,1.607329706,219.54805772594900000,,,
0xA38fA3dD33Ab59Ec465AF92dfCb0D164eA3Be735,0.9019797721,123.20304063491500000,,,
0x4ebE11e8dC49c890710aae20AaB9D0aE48e2e18F,0.8858310121,120.99725244529600000,,,
0x5EF039fA70ec0e6C210160072fFF425b43fc8E1B,0.6416779278,87.64794318453580000,,,
0xAA38e3658D2544c523602aaF76e5C708fC35c183,0.6062100858,82.80332679938720000,,,
0x2a9d61E86f11FA11CAfcB084a4102E21bD87ccA6,0.5943843855,81.18803310360950000,,,
0x65D71fF160aa78efd391214387F03029eFF9F5A2,0.5256127203,71.79438757402550000,,,
0xE3213CD1A8603Ad4185204A6918A4B9A0E11d881,0.3963874306,54.14327263938700000,,,
0xEf3C39407856ec69bB1bfcd3ba78657d239C564d,0.3877287768,52.96057154010610000,,,
0xa47d862092ea26e1Cf7a054a23f06EEa45Da2ACA,0.3867262073,52.82362876559750000,,,
0xb73849f7963F5Fd8146A4ad99286716a6bc0B317,0.3534311987,48.27580361016950000,,,
0xcC4cAe3bb8009233940E629f07A225a4Ab69B5Fa,0.3011701943,41.13737893912190000,,,
0xd358892B32E512F81a9a6D2F257A92e5dfbBd7b4,0.2968077463,40.54150432372740000,,,
0xB449FDA152918dB7eb434f6717552867Be50d1e6,0.2493734112,34.06236311039480000,,,
0x8104B1CBEbD1fe45D7EC28B1Aec4E4Ddf092609f,0.228952646,31.27305403587840000,,,
0x044935732148a3b12A5d0eA2f50F991d77243f92,0.1891080094,25.83060340078360000,,,
0x147e4B124F5AEBf61ccD2e2E8a0b2E214b04C344,0.1859468232,25.39881128417760000,,,
0x67bA121Bcde1ABB2Eb475c4391e66d30D7b397e0,0.1802896689,24.62609039203870000,,,
0x409471a16787D8e10dDD886D4c6E9785b73C16D4,0.1748369577,23.88129475928850000,,,
0xFb238b1e239741f53a76Fa619D1bCc44Bd62C0c7,0.1720856904,23.50549420284080000,,,
0xEF0a2b875d5D678Ce47B7ab642726AeB61CaF35D,0.1456998581,19.90140588318200000,,,
0x36CdbbaFEAF6bfC03C32C31E9bA2E26f6D9218DF,0.1372004604,18.74045784828550000,,,
0xAcd1845948a03Daf4592323A2C14fFa935a94Fb9,0.1349776736,18.43684339149100000,,,
0x525a2594688F0D7a011078738E0b4B62D2fe3Def,0.1208631015,16.50890859053490000,,,
0xbDf793d4bA3d4615a872dE8e5907a888307D824a,0.1208556342,16.50788860915700000,,,
0x5d38aF72E3895E42fEC20036940504d947611941,0.1180615936,16.12624557696000000,,,
0x24eC8285Ed0B8373B2eC753CbB668bCbB773d8Ab,0.1173613841,16.03060270776390000,,,
0x3Cdf4c32f0BA5edb14fB9DbD37fC8B825FbDc21f,0.1146232531,15.65659645921600000,,,
0x4a0635cbaa595a6A3b1b69D96698a831FD2AB6dD,0.1134777778,15.50013393119690000,,,
0x4195F2Bd53CE27cE35D44A4aE72Dd6b2Cc5e9671,0.1127242916,15.39721388717060000,,,
0x64100d29dE9653391bF57601EFf562284FC1a3f9,0.1001228533,13.67596075230860000,,,
0x7Ca845d18d24a78B4521E53973f4f3E95B2336Ab,0.09838655323,13.43879640099040000,,,
0xf9e6F1151Cc07c88835Aa98eD19CE8282D08a3ec,0.08923921079,12.18934443249360000,,,
0xB609316dec60d2bB1B8f50DDc54a7D169F442158,0.08807096416,12.02977152170150000,,,
0x567F86E6ca46dFc0CC024B6ddAb1CB66807C1653,0.08747138639,11.94787411583490000,,,
0xe63a73043690E65B55afD630A47aBab0E800bb47,0.08722758226,11.91457247108850000,,,
0x5E9feD3cD873A582cCA8bDC96dB86924f0430C33,0.07693070264,10.50810314953740000,,,
0x7d9c6E53A5428Aa8B3fc94C93737B122e6bb18De,0.07642674413,10.43926654917070000,,,
0x249f5c7E9D0C6721cE48A65b5F56C5067b96D29A,0.0726967044,9.92977370831947000,,,
0x496284486BF123e0aF0DE7714086874fFC8b8DA8,0.07150068079,9.76640669097365000,,,
0x033A6DF807c204697daE4EAa9CDC0880Fc4dDF02,0.06965188468,9.51387630151766000,,,
0x79c9Af53C329889fb6560244caB73212984461d1,0.06912232376,9.44154262214134000,,,
0xB4885175cC4C7994b645dc5eAd4dD350eDc2d484,0.06658143519,9.09447807951071000,,,
0x97726Ae57074661534e43386Bf8B3A4b0dCa1805,0.06638615529,9.06780444562233000,,,
0x0D18c6D0265178580D0f76e05eB8366dE5E540C8,0.06502266977,8.88156350523515000,,,
0x6fa4DA5da5425C1dc13bAFb168EC4F26DC4Cd9dc,0.06239360198,8.52245440228687000,,,
0x7f26E00D5E13d016E1BCfBc680CFaCF7A6744e14,0.06195364948,8.46236049944427000,,,
0x8379748e7079e8309b955726a7D146d4239ddB28,0.06191008983,8.45641060807371000,,,
0xCd6F8084e2838f7cC02a2405F7641B69584D50D1,0.06072215587,8.29414857055386000,,,
0xCeC1c28aebe1311EB40339b5e483c2FF8B627a5b,0.06056409656,8.27255896472356000,,,
0x60b1654503FB57b3dDCBB34dac594E97b724c100,0.06054853954,8.27043400351979000,,,
0x6873a98Cc6C4B1ce6E73E5f025E82931f587be33,0.06039608076,8.24960938372285000,,,
0x8B04410adC77a3035DabeE06370F939Ec3AcEAEB,0.06015027986,8.21603499670329000,,,
0xacFEA26c90C4Ec7291Bde8BFDC03386e39326cF3,0.06012289951,8.21229506498465000,,,
0xD2cA32044808C50Bb32BE43786fe7F7fecD7F874,0.06012165495,8.21212506808835000,,,
0x557f438905a8523A2D1AB99E5cc4197B7f82275D,0.06005631547,8.20320023103251000,,,
0xb4904fED2FfEd897FDFcb0c8Cc4D3E2f6C98C830,0.05996732932,8.19104545294695000,,,
0xDfe16aDc21C4Bb344C18D2ce4D6EbE337D523aB3,0.05993434844,8.18654053519496000,,,
0x84Ef8eA33A39Da66839d7532bF11794355277634,0.05946716604,8.12272724970909000,,,
0x1714f45E4ce199AdA2Fb3389f44663014a1243E8,0.05930101024,8.10003173000396000,,,
0x49674cf87fbeF1a67eAb95ED114C199Ea3BCf996,0.05870584998,8.01873771971433000,,,
0x8c4B3023d414BaF377e132069a75fef7E14bAdF2,0.05830335059,7.96375960259174000,,,
0x9c55b1a2FAbF6561eE4B9b0eaCd801C5dff1f66E,0.05794056091,7.91420550731983000,,,
0xFAd16197C2179bFeE0d96F3FE685C642962b6520,0.05702207452,7.78874779784927000,,,
0x0AafBD122bA5b28928fed50aB40EfEb0de51D350,0.05617095856,7.67249233795214000,,,
0x902402569DFdBd2E7Ca3D48a6447d7ED200E6d39,0.05608920728,7.66132578358243000,,,
0xF757225C4C22Aa70334C6277f140f491Df228eD8,0.05597774381,7.64610078682575000,,,
0x96f60bAe10b5bF8EB0c51E28911E758f11540967,0.05485535448,7.49279160782816000,,,
0x5Fd84b78D2393F222befb9b9FBCa2B8B62a76451,0.05445827781,7.43855419146802000,,,
0xb4d907E9039adEd6247a622Efb58378bd4eab307,0.0541092125,7.39087473229984000,,,
0x3a18763766881ce65AB5804f9Ef7639f3372C83c,0.05370392994,7.33551645728277000,,,
0x89F1Cd3DF324eB89115dAA294B675BBa7Bae9Ec2,0.0535037812,7.30817778059128000,,,
0x2804eeabDF440a100B28F16De72b2ACbd0c53e5C,0.05338721639,7.29225598336956000,,,
0x1D05C788C6f968875C59C5AeF04Ca3E6966D4cFC,0.05052981942,6.90195898829211000,,,
0xD838e70eeae940b1E520759BF84c8833F6FbCbE2,0.04983473182,6.80701572170768000,,,
0x21Aac33CBc56D66d7CB66c92c9B33668971D5660,0.04813652764,6.57505495670418000,,,
0x71D2572f03D292503d58DeBD0712c2e84B645F38,0.0428758277,5.85648648247734000,,,
0x566117239C23180016e1C3B9Ab59Dd13A5f330Db,0.04222423821,5.76748470082354000,,,
0x262A615fC5d44Da65f6460EA085E54142F525C4e,0.0417332587,5.70042092523257000,,,
0x2387404e7B798F090442844D87Fe31F7BEd4E13d,0.04090189161,5.58686299850312000,,,
0xa3574638CB12f95dd97E5D9A6852D04770C7D061,0.04014137563,5.48298275222740000,,,
0x24C99170FedA5DeAadC5f7D7bCB94564a35d3711,0.03967060315,5.41867909107913000,,,
0x44446983Fe7EC9F62C816F0a81274f5bF754850E,0.03848308632,5.25647403054101000,,,
0x5c0968CE0A703B396cA4eEbf20D61A03FA5C4ba6,0.03831133684,5.23301445885139000,,,
0x1Ed394A0270775c256E0B00F9aC9586ffFDDC712,0.03686328952,5.03522307000451000,,,
0x894230b2952ADA8a8453d1367Ea50C38EE62eFB9,0.03627240318,4.95451284026537000,,,
0x943fe5e7b0cC5c25422F6f4fC97c5a840C65EC8F,0.03611032981,4.93237494774206000,,,
0xCEa57249afb32b251CA4EbFd047b9988980Bc89A,0.03610286244,4.93135496636425000,,,
0x9001Ade7A43A3bBE711bf9133d67d3f2bCb51A23,0.03555587766,4.85664133043971000,,,
0xeB326Cc0188A6375Cf1D5c1aE93A1D1B35124f76,0.03545640164,4.84305372137103000,,,
0xFA1C8D1F86744381ad20e6624EeEC2572671296D,0.03489128182,4.76586298781466000,,,
0xa5D71B292e10DA8Adff6215ECcb0E64562012b7c,0.0344133702,4.70058417963486000,,,
0x342cB256218EFf45705F023352b433659c566185,0.03432902039,4.68906268669046000,,,
0x723E74f80330DaEcb8EEBCCa483a2483577bb595,0.03423166422,4.67576463277483000,,,
0x2180162fE1faA34400BAB0852252c6dd828991e4,0.03384489964,4.62293576212691000,,,
0x418d2A7bb7039291Bb515bA947349288CDA728B5,0.03369152453,4.60198597977994000,,,
0xb4fca570D7043D9F987fC2A20BFbb993F8dc2b0d,0.03315325167,4.52846232212950000,,,
0x83D03880eBDE97038755293773Ff64D930477ee7,0.0331317317,4.52552287030170000,,,
0x5BBdDBb6e55946022d404A1Cf2Cd103D6BcdA016,0.03255056935,4.44614085807103000,,,
0xa27E4e46ADA308ba04c1EC44Db378d11F3B0c621,0.03197527421,4.36756025978007000,,,
0x63b4a008Ba3eaA316FeC382355F92564f05E83d6,0.03128392029,4.27312698388454000,,,
0xb7D7F7Ed787a950080721E872Ddf2F9F38c13343,0.03062238115,4.18276616110921000,,,
0xb4e8Ba45F12d6b0e952Dee1Af6ede35d47D1952E,0.03032871934,4.14265436597309000,,,
0xa3B1F5f8BD3150Da92B32e853F474067F1E9Fe02,0.03029262705,4.13772445598034000,,,
0xaECAA88a1296e69075b183eC52738579c29Fe58b,0.03023537722,4.12990459875047000,,,
0x05B1d15aA2AC1d392480775d2da02b16a5663778,0.0302328881,4.12956460495787000,,,
0x447C343B0Aa8406505797Cd6c8AD001E6A56F1E9,0.0302167088,4.12735464530595000,,,
0x460456CcCc41c20951b0558a6B995Bc6423DF949,0.03019555126,4.12446469806882000,,,
0x364482A404171B8135DF6E3FA6AfDcAd973E9661,0.03007918476,4.10856998826461000,,,
0xc3d100A184dA2FF87A4Aa834AbEb40433DF47eFa,0.03007856247,4.10848498981647000,,,
0xCBB59764D2c3D6752e66C22308dFD4a3CA16D452,0.03006238318,4.10627503016455000,,,
0x87a9a4DcBf29e782f102Ba04E2252D09DC9b4290,0.03006176089,4.10619003171639000,,,
0x342274Ac997afa78B5b33114E797EE53f62a82ff,0.03005616037,4.10542504568304000,,,
0x99918c6454945819D60182Fcadd07319818D5e61,0.02994912808,4.09080531260110000,,,
0xe2a1153864503CA80d29a3AFa509b820032A87D8,0.02971980736,4.05948198338422000,,,
0x0F496B1727616f4ccFa5Ed99F5Aa17eF31ba68CE,0.0296901909,4.05543661768157000,,,
0xBBd72E085d0E6CD0d8f37dC30A9C1D638b27605E,0.0283448883,3.87167931326837000,,,
0x4ba3693E0f6b03B3B1FaF7e2FF1ae280f826a360,0.02824967934,3.85867455070130000,,,
0x50A3153A47e645Ac00cbaf35719C42568825F5F7,0.02788552885,3.80893457970211000,,,
0x15bE69623d4B3C383116736a4a2A71d513022129,0.02766743654,3.77914495874747000,,,
0x8db5bc8A09007214E9e41A00BF6fAaEa367d05D4,0.0273716412,3.73874174036054000,,,
0x01e26031FA61D1f51CDeBF5367c2Dd723143834A,0.02659485703,3.63263939179746000,,,
0x255fDc7FA443A61cF9Bc9902fC5b995D3D6bD386,0.02524779699,3.44864203682190000,,,
0x40715604c1BA1E43A2fEF7A1852c76e6aD632C02,0.0251893026,3.44065218269573000,,,
0x6c50f1B31db769F8095B046bF93124a3fDdeb75b,0.02499052151,3.41350031578040000,,,
0x9368f9203B82934763F0A2d5bb2B38CD754EeF46,0.02480535537,3.38820814018670000,,,
0x746eFb00f397ea22497345d6cEF8A161d1e498D0,0.02463109625,3.36440577255783000,,,
0x1ae3f9fA7916C09B543378baD900Fe203Ce8c4A7,0.02458569027,3.35820368798947000,,,
0x4d7B1DE40fbBD7DE8A66E8BDDc3A043268E2F872,0.02420983269,3.30686462530639000,,,
0x89c2b081eA3F58D8bedF66d8BC373cE93A22Fd36,0.02419240883,3.30448466875817000,,,
0xF4E018F53fe0DF2958688dC808c50dF5aA29Ce57,0.02413764813,3.29700480532090000,,,
0x41F859A90f4DD09Fc73b1914F562b3b2a5fe5fDB,0.02406048531,3.28646499775020000,,,
0xD6AB9C818B4290d4bebf63e220aD23D5c3E18AAa,0.02405301794,3.28544501637239000,,,
0x16b44642B853a25BF8F38D8C61Fb7F7EB8a59C0A,0.02404990654,3.28502002413164000,,,
0xb8844064125A421782999e40B29c39DA1B7DdED1,0.02400012408,3.27822014827958000,,,
0xaD42349B08A3d2c79a51B887D512aF63b4021285,0.02398830075,3.27660517776471000,,,
0xd39004cE657e2Ec0175f9ea24Ef2fcFFfFc9D889,0.02353063719,3.21409208832088000,,,
0x5afe81b1B1e6FC18806D3AbaA30C9A96F4145FC0,0.02286197258,3.12275798661178000,,,
0x98a3790C9886DdDd0fED2C1Dad79F3AFa7337D7f,0.02244119454,3.06528315683088000,,,
0xC4427A885a8d992CB507a81c3B694744262De62A,0.02243944395,3.06504404031740000,,,
0x6B0404a6476e2D707050a80ecC051435e3e7A742,0.02243185349,3.06400724605973000,,,
0x2D1d6CC7b1F658a2457c3d36604aAbA60DB2b190,0.02237534903,3.05628920015787000,,,
0x524b17C6ECbCD0230583407980fcd2eD6e3748De,0.02231284059,3.04775105933867000,,,
0xcF510287E89FC226C1a77E10234bb0E780020a94,0.02165412564,2.95777599875111000,,,
0x3f53B93CDc442028058D109C37C48B3ed3646F2f,0.0211737249,2.89215719677869000,,,
0xB4C0DAc39BcC664db68EBB70dfb2c3979669a28f,0.0211575456,2.88994723712677000,,,
0xeabC3963B0bF8574032F157e1562b66a84414760,0.02113140981,2.88637730230444000,,,
0x0Be43b60D1eB45586223cc3CF0F01A958Ed567D4,0.02108722788,2.88034241248574000,,,
0x92766219Cc25B3E58fF9B5EaADbbB6bc99E54AE8,0.02105673612,2.87617748852634000,,,
0xC8796A15cBA9dc237b0262eD0e87EC438D962af4,0.02105549156,2.87600749163004000,,,
0x98cA1fb488c76337C4aef26eff0A7C9d886F6104,0.02104615735,2.87473251490779000,,,
0xB1b8071808d876dDdCb859b4F65358c4E1edd9Ef,0.02104366822,2.87439252111518000,,,
0xd99Fb6981dE228f7BcF794f8c4D064c41caf4D76,0.02103371173,2.87303254594477000,,,
0x01d27aCC9535F0EA93a9564D4aC77dc2a60857d1,0.02101442103,2.87039759405209000,,,
0xf8b73B5Be7a53d55B2Bfde28F6e1dec06104D188,0.02098704067,2.86665766233345000,,,
0xf82d28a961DE778D84b6Ed5E5A6a4C6f3eB164e9,0.02058174443,2.81129751921863000,,,
0x96B5Dc301EDC010b7254c7317B83eA17Adb1d0bD,0.02055331099,2.80741374397236000,,,
0x5bc7fd0e03c5F74Cff99Ce0bC30cc853763D2D4B,0.02033657949,2.77780999874498000,,,
0xc7C1303EE861e761Fea83376f6B7eD22650F19a1,0.02026955097,2.76865445161561000,,,
0x9cDF98ED7a38BA8Fc423Fbfa9db7582CBc615248,0.02001379358,2.73372008942562000,,,
0xb4aBedf5FcDD7f15262198cb468595161633fee4,0.02001379358,2.73372008942562000,,,
0x2474978b23e292A0B0D7f750126a136B5664eC3f,0.01992231831,2.72122531754746000,,,
0x3A7c25D88eCb77e68Ee87715E7dB2d7801de5ce2,0.01988311462,2.71587041531397000,,,
0xE9843eD5Bd32954324d07fb637f686400265eC7d,0.01985635655,2.71221548204348000,,,
0x93a92D2047afe607Ac5B3F3131B9d5B8b140065C,0.01985324514,2.71179048980273000,,,
0x9c24356588D0411CCF6903Ab7a708AF7f0eDC844,0.01985013374,2.71136549756197000,,,
0x0dE17de8978cF0DDf800f453c75b45871b3e73a5,0.01934919773,2.64294174680059000,,,
0x490291eBC5deb6ea5A53CDAfb051277F608659Cc,0.01929319246,2.63529188646701000,,,
0xBE21Bb383F7FFF1bcE643AC9293f34e2E81EAf85,0.01926145615,2.63095696561133000,,,
0x7b5A7e4BEd155f2F8b895264974F54319be54Ec9,0.01925212193,2.62968198888906000,,,
0x243D7963810911D0E84749715B8045172B73c71c,0.01923967632,2.62798201992605000,,,
0x82b2Fc96fa6533De3B2F17964bfa61088344e097,0.01920545088,2.62330710527776000,,,
0xE0BBab118620Ec156063366140cFcdfb137099D4,0.01919985035,2.62254211924439000,,,
0xb21539b5435FAab1B669cb1475BB832E3d3E8aD1,0.01904428016,2.60129250720670000,,,
0x20C1ebA15c8Def76490bb320Ee255797481Dc360,0.01893598964,2.58650090913070000,,,
0xBD4f9f03E927E012Bac212E6AC1755D1F1846257,0.01888995454,2.58021289206530000,,,
0x98D008f7bf597C288133F913f5c0285fbD30D20C,0.01883332699,2.57247803328358000,,,
0x9D9e17cb7947E3eA3fEc2a4d85dBCF382ACEcAA0,0.01875180821,2.56134323657584000,,,
0x3feeef0d27486C5D8F7CF290bA70fA8E64471B7E,0.01869206926,2.55318338555336000,,,
0xE7F50b44E46b880426e0476EF151757db58ea454,0.01867153399,2.55037843676438000,,,
0xDD2b4f610B5174284603DFc3A2C914E9d4dfF77a,0.01866717803,2.54978344762733000,,,
0xc2640C841E0DCc04feE56AB2AbA71721F1712196,0.01863481943,2.54536352832349000,,,
0x34Af87b473815fa8f5DcDcaA5D1b32F6974deeE1,0.0186323303,2.54502353453088000,,,
0x5B06b5623bDd11CeC49826f09c1CA935cBe4056B,0.01860681679,2.54153859815669000,,,
0x9a8B86D0151556E62CFb322F901cB5bf15119ec4,0.01858673285,2.53879529659385000,,,
0xE3622FA91bFd7CF2146Fc17719dAC3C280ad111F,0.01840519783,2.51399910095584000,,,
0xa34128Fee0102973D008652d3037B359cC8e1b32,0.01839275221,2.51229913199282000,,,
0x2C64E6349C4B7CFE128A500f7bFB349dB417EebC,0.01838279572,2.51093915682241000,,,
0x0214D5c5591bd3691d8841D3BBD0f24a9fCdc41F,0.01817806536,2.48297466738080000,,,
0x4505E35062C1a01032e5b6D9ea60c20cFff19441,0.01816188606,2.48076470772888000,,,
0xa0Bf2095fDb0e5B608068B5899eABdB6aC23bD74,0.01814446219,2.47838475118066000,,,
0x763Da4F748E31191F8d2A3f8fc0E5632a046839B,0.0181345057,2.47702477601025000,,,
0x4f3d3402c030B70CA2f844d4a80D0DaE5A13D08d,0.01812952746,2.47634478842504000,,,
0xCd73CD9B0230c2E03913aa955C42f31854EaEAf9,0.01811770412,2.47472981791018000,,,
0x915B0e70DAFAc50e22e367a308639B673156Cc32,0.01810774763,2.47336984273977000,,,
0x33b4bD57c26D7Da1D7C2335F8f392bF53cE62e47,0.01808472324,2.47022490015818000,,,
0x55845AccEdEF1FD494CD6c307f8660b35ED3131b,0.01808347868,2.47005490326188000,,,
0x6E270F9934B55072aa010d3ECe3B3E9CdDa86b3A,0.01807912272,2.46945991412483000,,,
0x111A49d2A679A9b7E18565fA96f67661c65cE19a,0.01807227763,2.46852493119517000,,,
0xd57d1b82df027c143810587abE315Bc7AB6ca841,0.01805112008,2.46563498395804000,,,
0x3e082a358B5c236eBd376Fc464A662CAa5699464,0.01804800868,2.46520999171729000,,,
0xD7fEdD2fB27337Fbe535eDef27FFF006955289ad,0.01804676412,2.46503999482099000,,,
0xD3d6546F4da39b159bEb852652988C6b4AEEf069,0.01804551955,2.46486999792469000,,,
0xf4a5e3B0f44D292774D2E35D55439940dFD62bC5,0.01804365271,2.46461500258023000,,,
0x7A77829aa28797660a0b9d482b19eA6CfbDAee96,0.01804116359,2.46427500878763000,,,
0x336F85B5cCC5B48fb83adC143b1Bbde08E17F3aE,0.01803991903,2.46410501189132000,,,
0x7A398a3c39965561ADa962494C18452032Bd5b9a,0.01803805219,2.46385001654688000,,,
0xE7b974A194A0E6CAaFeE2B3526aeE0503DB59FC5,0.01803680762,2.46368001965058000,,,
0xA15c4eBEc5fe08e466961379Dc8d4459063E55C6,0.01803680762,2.46368001965058000,,,
0x857C6f9490E945532B7b2C65D922098FA88De2b6,0.01803556306,2.46351002275428000,,,
0xcaDf2D058Ee454dD392c99Fc9D83aa3E0B070BC9,0.01802934026,2.46266003827277000,,,
0x63B40f56c42A8D97E18931b80c8FCA5F8Ad99d2e,0.01802747341,2.46240504292831000,,,
0x5b7D41e6bbba99ABC14172dD51F7De94c5c2a961,0.01802622885,2.46223504603201000,,,
0x86242bbc2953D4BcA19248172E919C04e542d5d4,0.0179389591,2.45031471421552000,,,
0xd641B64741117d2C948E1C283987c925B5267825,0.01772566725,2.42118079557518000,,,
0x000A3c65a7a3B30a1E964530950667f277C224E6,0.0174394181,2.38208150942581000,,,
0x43c0cB50956f575098EEc7b0F9D39eE7908e76ac,0.01729380441,2.36219187255854000,,,
0xCF224770a4De8E9D1c10cfA68429a28A5946e5c6,0.01718241615,2.34697715033954000,,,
0xeB0E6D2C35833Ca44B99452084f724B776E42586,0.01714321246,2.34162224810605000,,,
0x6A149AFee6C13c03f026f28bbBe452329315A499,0.01713076685,2.33992227914303000,,,
0xa15d134513fBd0dcc88a19F03563b02A8B358139,0.01712703316,2.33941228845413000,,,
0x8B1D27d3d3Ba549e3b6e1ffFf6Ca5dBF74589892,0.01701742285,2.32444041894414000,,,
0x6B556427d919acDEaa42d8F15fc537907360D00A,0.01697955262,2.31926765624238000,,,
0x2DD6A911b52eF1638BFbA02273d17732b5Dd7073,0.0169254142,2.31187279125327000,,,
0x81B99d6f7B73e1538461A2cd5B09e146134824b0,0.01683705033,2.29980301161586000,,,
0xe2F8dcD57607755d77C53f73F6401a15fcDb6f69,0.01682896068,2.29869803178989000,,,
0x941b603779414d482C7ce00E15db1835aa9A0e76,0.01682896068,2.29869803178989000,,,
0xaEDEA7021a9023D9faf7631728522df29F357F91,0.01682709384,2.29844303644544000,,,
0x2470Ba04362a5A06288F2E961654f309FC83d07a,0.01682709384,2.29844303644544000,,,
0x0FC1a6EbdD9549A7d71b4465cc16EA14A32d3683,0.01679909121,2.29461810627865000,,,
0x712A39d0Dda2ebD9D8e2D78E34D5241c43F94BAb,0.0165308882,2.25798377512567000,,,
0xF77a8ba4BB523b59f716ed50d325371c413F18bA,0.0165308882,2.25798377512567000,,,
0x9E9eb4e8eb04831C9b4eccD6197ff39b68aDF714,0.01643768969,2.24525362292954000,,,
0x24a896304BEF0763AD510E60a1eBc99dAFEDC3b2,0.01640580977,2.24089908704736000,,,
0xA0827a1a33E4D6B66a7D22D9A39893Bb5Cc7816F,0.01633458256,2.23117003390517000,,,
0xe1AA185210480c9C83B926A80db9044C823f04f4,0.01629379924,2.22559936638022000,,,
0x2C8ad759B11Ea96bef43c2c2113E598C0265eBce,0.01623281572,2.21726951846144000,,,
0xe0b244654C1000E48713598a382dEEA6c7e861A0,0.01622845976,2.21667452932439000,,,
0x2d53B404ED91039E2672F356b816725415D86D95,0.01622845976,2.21667452932439000,,,
0x6F52ae7dF07407f7780C51aBFE4ba014b70aBc4c,0.01599137079,2.18429012057893000,,,
0x828948D080e799E4b26E37d831A0DA24Ee7EF1c9,0.01561938366,2.13347972956238000,,,
0x5a7E5D413f5c7801Da89Fe780417134Dba13f058,0.01558315462,2.12853113859202000,,,
0xaAD304167286705CB03f098a12515F596116F97a,0.01538838074,2.10192662432082000,,,
0xDBAFfa56B1B777647A2fE7C570e12827230FdDe0,0.01535451089,2.09730028021433000,,,
0x93bd754ef78F2D1Cb4724618F61258Bb18f68314,0.01500194439,2.04914258801918000,,,
0xb1ba33bf744af5F5C8E0b05e9c1F1Cd9141984E7,0.01485515452,2.02909229474441000,,,
0x242384E48C874Dd64eC510e737a887E8067d1152,0.01452944867,1.98460354655295000,,,
0x6ad4a11A864eC24b209FbB9B0117422106a1b16a,0.01446289882,1.97551338284523000,,,
0x01B46CE63FAdcde524998d9387c6C2CfE9D9A3cE,0.01440135457,1.96710694291822000,,,
0xA7857A829b2825953f3797f1C6dCA6465Cb9ac14,0.01430201531,1.95353801482716000,,,
0x8a592Ab18cf5e36d4D5E4d848cAe1B69996D6456,0.01418109453,1.93702122846837000,,,
0xc73622FFf7A789B014926926533Fb93278816b49,0.01415926,1.93403881039204000,,,
0xa05Ef78331a737D9Ca4bbA5a57EE6aB8f88b50AE,0.0140204025,1.91507201381897000,,,
0x42468900f72BF7d3AEE1eAB833c21bf39f58a023,0.01390601909,1.89944817819020000,,,
0x44f00124e6085dD3ffF5F4F8FaAE604675C65d05,0.01389550186,1.89801161101156000,,,
0x0d2729d128ee41ad2612Fb4BCbF6C538b85DB63b,0.01335126606,1.82367346273709000,,,
0xe232015f2900e840311dFa55c4ba5eC152568e11,0.01328924313,1.81520163938843000,,,
0x61F329BC8C375D861cA2484508BDf0a3668f6e57,0.01319821234,1.80276758068752000,,,
0x6814a45f7E0ce35AB112b82C7Bc10568050B5298,0.01304900173,1.78238663410894000,,,
0x61De6Aa0709D2217EEb4B0e25903D14224C8604D,0.01259994069,1.72104857815714000,,,
0x72faC29588345BebCEa6c11D111Ca00bDd9815F3,0.0125292195,1.71138864463214000,,,
0x0c41FCB7307B2Ef3b0F9D737457158144086b9e9,0.0125207811,1.71023602831326000,,,
0x20E2b397812DD73eF111F52bBE45925C6Da1E972,0.01245700758,1.70152508845113000,,,
0xE367f4526451a17a1e51765902E431794B1B67cF,0.01229771739,1.67976735382228000,,,
0xBB46D6f24c2e485dF170A6cE3670652BD0E865Ac,0.0120691352,1.64854490188451000,,,
0x63b87F927a52A281FE5E41a7A092e7de3eF22656,0.01203428748,1.64378498878808000,,,
0x47130838a19308DcdfeD8B553CA056c5c6199B06,0.01202495327,1.64251001206581000,,,
0x24C929A134E89FbB2C059c8484A3455C988B3C87,0.01202308643,1.64225501672137000,,,
0x14ab0d3665e5d2A29F910eE0417b9Fa9f62537b7,0.0120205973,1.64191502292877000,,,
0x39046678fE425430Ac467094D46aA0Ba376B3f16,0.01200815169,1.64021505396575000,,,
0x0fE9DBC8000407E1de97E539c278974371E52232,0.01187808134,1.62244851020446000,,,
0x6c6C285f3f01580420992eB197EF47c96D606fe1,0.0118645416,1.62059909342053000,,,
0x806995a3bbE051e20612F736F1d69Eca46AD4B85,0.01163773736,1.58961949419177000,,,
0xd633700DF9282473e42a6B484b6e455293213C0F,0.01154728099,1.57726389559684000,,,
0x114DbB645C7466Ef0175ed93CEc0aaD84fe8096b,0.01140267252,1.55751156391503000,,,
0x56f809D1DbE35f2065b30D9d6175a916F6Ee8fe5,0.01123529267,1.53464884946023000,,,
0x8D2a1f491fe806C89e17A237D9F7A68e6b4E6Be4,0.01121955786,1.53249960298556000,,,
0x8f49969152281288ceD000beE2A916277940523B,0.01111891249,1.51875227155827000,,,
0xBbdAdB8D3903C3Cc8876Bbbe401Eaf9f12B78F06,0.01090259813,1.48920550331262000,,,
0x79eBD917eFb9F27Bcb7F7D5BCc89b9127f984779,0.01082955194,1.47922799316816000,,,
0x2fE0E245dB110D3aB89EC85B9CEfE367bf36B976,0.01059410416,1.44706775615409000,,,
0xE6d60016d221bB1c9cf62136D0c9f6C866CB75e7,0.01050355205,1.43469908087483000,,,
0x83a897F979abf1A8Bf09457169E7fd304D05d151,0.01047182257,1.43036509406801000,,,
0x1e7619Dcfc533E995Cc51410B592085f1C0E0E76,0.01026791963,1.40251362454098000,,,
0x90f7f94cBb366E5891a01049618E534c48aC7E3e,0.0100924091,1.37854032596694000,,,
0x89dbd4Bb60F58C7cfc0900b445cD4A9D7A27a723,0.01000502995,1.36660504936836000,,,
0x7a715788F743fa54ed8ea9224cebef922379D459,0.009991743226,1.36479019239301000,,,
0xF2E11Cb7c732fFA0dDF61259810bFe66A98f072A,0.009967296482,1.36145096764423000,,,
0x92757E7bc04CC00baF904657AD4a7e2f507569cB,0.009697000973,1.32453081753372000,,,
0x38d781d870663362dF45B7D059e583ff70108DfF,0.009669859959,1.32082357752592000,,,
0x7433E3e1370d42e4dC0009ab1085A9170599DCfC,0.009494062227,1.29681104889888000,,,
0xDDF23D4Af5847B4330fcb0F060f79Ef451dDa34f,0.009326121644,1.27387174243586000,,,
0x337ffDe1D7E9428659cff967cA8D86DFE39a769c,0.009294460547,1.26954709611785000,,,
0x525B33c34ce1F2457843fCF52DD9334aD8B3f523,0.009219944136,1.25936876546402000,,,
0xC36B026E8dBe684c4059dD9C280CbcfF793C74B4,0.009061030044,1.23766240352362000,,,
0xC7da69e0e5BF44f860D29F02288a10C200624B14,0.009044009639,1.23533755585936000,,,
0xce15f09Fc703504213adEA7d92600F1B71ce1632,0.008999814029,1.22930079794290000,,,
0xBeb966D05189220DBF3592F5ff1bF284FE1629f1,0.008968788889,1.22506301817081000,,,
0xa9160CB8afa248e1E19bF59B21D654A84eC025F3,0.008960842842,1.22397765337134000,,,
0xA6eB571C2B98F0d1BC09f0fbEE2ABde04B99d983,0.008942810377,1.22151456647273000,,,
0x83885A6daB48327e83c37f58A117A440Fe0e5415,0.008920873271,1.21851813766320000,,,
0xe4Af98098148600Fa0678Ff8da52F2594BCF1103,0.008911053544,1.21717684347040000,,,
0x3C61d8de93a5b68369965E8B7f2f67CF65c2789C,0.008895503363,1.21505281631551000,,,
0x1fDE28ca6b2eD93454dB1E69645384B8e653F680,0.008808835383,1.20321468080053000,,,
0x2dFc0E49739Df00C3575896ee1c956F5E7A9246C,0.008779854879,1.19925618164379000,,,
0xfb9d8C0bda29669fF9E6cBD66a793f2D2f7298D6,0.008762260062,1.19685287387355000,,,
0x8dd82DDaF7b859eCd9E6fbe6606e2727e3F7D7B3,0.008591296972,1.17350071780522000,,,
0x9529302B5959DD705c423F23D15a38AB161e591b,0.008479997615,1.15829813822168000,,,
0x22bCd1eaafE1a96426bae6ef18dc0921a0b48953,0.008437504729,1.15249395847653000,,,
0x792Cf4C7A525C291bC9B4E036F1832f99a7e351B,0.008354119108,1.14110416642432000,,,
0xEE69879105F5EcA104d5aAf94a032b3D4aFE2141,0.008288177863,1.13209713306698000,,,
0xA0807AA27d359eab65000f51fA57105b014F7630,0.008223023017,1.12319751533093000,,,
0x72EED59820f3bc0eaE199E9F766a0aD7f4Ae5BB8,0.008131773409,1.11073356706583000,,,
0x2D266A0f7D3a8Ddea6D538919F6Df11cA8916Fb5,0.008112899838,1.10815559215488000,,,
0x7474022ACc363513d5881F8b0023e1Ba03537956,0.008050911102,1.09968843905063000,,,
0x7429eA33340DdDe77d1fC30D1B1F4f04b5a404d3,0.007982528602,1.09034795024285000,,,
0xD302Bd1281c4E188383c238B19DC63ffD9c62A0e,0.007840539178,1.07095335928238000,,,
0x43061e19787Ca02D9044D50ed2adE6B4D7d94A0D,0.007817090819,1.06775050567019000,,,
0x6b7d8C7682cc336DfE26CC3e5042459193808bec,0.00774885876,1.05843056593779000,,,
0xD6f5c922710c21BCAbf044396FE5E554A49189Bf,0.007639672421,1.04351660745841000,,,
0x4AD7B23D3A9f4D165Bf164Ad45745a18529f57d9,0.00763182211,1.04244431934328000,,,
0x99Ad8e4Ee34F80931697877aFD949288CB0862d8,0.007625879671,1.04163263086588000,,,
0x532f85cb00D54934052323426ef20cDB878B0aE9,0.007602499694,1.03843911774250000,,,
0x9e12800Fc54fcE0a8424063622Ce5fCb9fe53168,0.007587517088,1.03639261664472000,,,
0xCeF2209ba41962723EeE972Fbc015FaE348554F9,0.007514040092,1.02635626142076000,,,
0xEc96B01A89a303A88b596179C909EC5e86c79E0E,0.007392073064,1.00969656558321000,,,
0x1E4D94A9FDA90Aa6faD7163B12A7E75D7CF40763,0.007368959779,1.00653948036618000,,,
0x5F727A8fd0680F6276772980fFccBaCD43d57Cd1,0.007204766558,0.98411203268982000,,,
0x2EeD8F93aDFfc977da5cB824a46f9b12A819c16e,0.007201032873,0.98360204200091500,,,
0x194Da2B62a9634DECC7d00FbA58f8b7E2650f27f,0.007139386049,0.97518159134070200,,,
0xEd18bF904Ec97b8263D420F4909e41112eAe36b9,0.007021816016,0.95912248893348900,,,
0x866abB34eEdE356caF6afeb8B0c2b172d8146999,0.006995940078,0.95558804796862400,,,
0x1834A16Ceb4C5c3B963F4659A50064F8a97DDE55,0.006902037229,0.94276168873778200,,,
0x27e72bdD81D4578FaaBD02d09dF8Be86c10Fc6DA,0.006727607147,0.91893596988690000,,,
0xD92171e42748CEdCb1dA226e70a9fFF3043D57C7,0.006649842568,0.90831396601469300,,,
0x898da517B41EA737338A5169a4b6D6513f93081f,0.006643277847,0.90741727908914700,,,
0x69795d267fAd3889c4Ec76B10F04af09104055A0,0.006627290019,0.90523347280588800,,,
0xC9D487bDdc4De6b27f27AebB1bab0C0a58611368,0.00662595656,0.90505133327413700,,,
0xA74d78caE00a164304F4729843266AD9279D2631,0.006618578088,0.90404349453177700,,,
0xEd9bA552A57277f3794B3538456d3a4C56209b32,0.006618578088,0.90404349453177700,,,
0xb1D6e1F17Be8E272E063Ab481b3c3FbC178b28B2,0.006617333527,0.90387349763547500,,,
0x7A23408a4f4658980bc4Ca42161FA0Cd8FeFD2b6,0.006617333527,0.90387349763547500,,,
0x4bAcb7B58D98a0Cf46042B0E0b0a63BA7aC4e734,0.006613599842,0.90336350694657100,,,
0xb5eBe1Ba63F3E3e533A0FB38134CdD56f7fc8607,0.006613599842,0.90336350694657100,,,
0x9c31821A0BDAd84567963507cCd634A067eCe7d6,0.006612355281,0.90319351005026900,,,
0x7C47e5D1425F2CcA75daA7F41eDA4b421e1D5295,0.006602398789,0.90183353487985700,,,
0x923860Fd5867E2f85555b17f8A4A2CD7Dd07978F,0.006596798262,0.90106854884650000,,,
0x9f3F75BCd741544517C58b6491aBcbbCbdFF7764,0.006553778831,0.89519244733752600,,,
0xcD19B3b15fEa69C0d0E41586a9eF52b345bd631c,0.006546072123,0.89413977424889000,,,
0xf92C25D76b3b1329Ae61b398A890f1484b31e045,0.006523690531,0.89108263226210400,,,
0x957f2B066409982D13614481f563Eff07b764Dec,0.006509678957,0.88916876610538900,,,
0xbF7a1E65cc653EA2f9B9be47Ba621fE057B840ee,0.006449475003,0.88094539975902200,,,
0x86a5b32C6DA64748A92F95528f9d6A0281334C3C,0.006400902913,0.87431085055885600,,,
0x7Ef587d223B78464ea0e14c18c0d985818e0F5F5,0.006376209992,0.87093800005036700,,,
0xCf1C4e49E13F695a396db271782c557905f57a6F,0.006318016485,0.86298924407494700,,,
0x45511Fce841b6D4Ee3c8F97355a4c37f0412E24c,0.006313660519,0.86239425493789100,,,
0x2bC9550f34689CEAE8Dabfe66419684561353b04,0.006311171396,0.86205426114528800,,,
0x2b5F0101e5b1cC3957A54d71C266A2213077340c,0.006311171396,0.86205426114528800,,,
0x94808379b4148f3266650f7E800D0AdD6B2a5e0c,0.006311171396,0.86205426114528800,,,
0x5f0A7106391d1B5E54F32F64374F50A7CD5DFF10,0.006310549116,0.86196926269713700,,,
0xC4E54394735abB581c85ecbD7bdF395a6a0093E4,0.006283879941,0.85832647206210400,,,
0x775a48FC92163e9484f66bb5C4484a5929b54853,0.0062812267,0.85796406109636200,,,
0x3e4bDa253E4b7865e21CCE4b4D408387a0788028,0.006266367182,0.85593437287843200,,,
0x312675eD4209a7F559836904D236a10D977B83a5,0.006235253145,0.85168445047089200,,,
0x72A790392BF0FcDDF097DC755A2C39f6A55d1a25,0.006225918933,0.85040947374863000,,,
0xA2dA4800227d16c2804a366A1AFF60672B780033,0.006196671738,0.84641454668554300,,,
0x14AA43b07E53A21AeDFd08cCae0d83296E6f7a3c,0.006107795002,0.83427471338207300,,,
0x6fCf2a220Bf948874D3996102B0A977Dc5CB46Cf,0.006097729098,0.83289979342956800,,,
0xe82c13d39BE93418782dFB7735430D69846F13FA,0.006071914704,0.82937375890463200,,,
0x4a30fF2AFa25809A48Efe6d3C8D1a0F49cF687F0,0.006070971026,0.82924486015908500,,,
0x4CB6bdD49372E998b1DbFaB47ad78Bfa9d15CaD1,0.006070971026,0.82924486015908500,,,
0x46d9069aeF27E394D14f5b882699CF17c39Eed9D,0.006043597511,0.82550586248933000,,,
0x482867e0C79d20a42033ee0E3916337f640aE2eE,0.006023814454,0.82280365907724000,,,
0x2D48b37751c238f876364ff9F0F4D1279393bFEF,0.006019944004,0.82227498741071900,,,
0x18135D7a890c1246d64B12a009C1fF780cEee71b,0.006017454881,0.82193499361811600,,,
0x96f249ED697Aefb012fDba159360c69871cC2A76,0.00601621032,0.82176499672181500,,,
0x88907875eC189d20689F1c3fcB6b0b3d1aC2d400,0.00601621032,0.82176499672181500,,,
0xF07828f3534E49fb9fBE90DAb53F98ed48C131b7,0.00601621032,0.82176499672181500,,,
0x709C4e0e21D6419371060802746541a777314291,0.00601621032,0.82176499672181500,,,
0x0268cF4f1aA05d13eb6f7064aD80ce3E446D6475,0.00601621032,0.82176499672181500,,,
0xC9dD69425DDCf1084A2c1918A5FcD2592173FD8f,0.006014343477,0.82151000137736200,,,
0xb9C4449f4238A893b91C3692A159850b1B36ECF2,0.006014343477,0.82151000137736200,,,
0xf98C2efb0dA10e97D39aee89652D0D717DbCE955,0.006013721197,0.82142500292921200,,,
0xd767404559677234F29Deaef5f0edAB214F1F1Ea,0.006012476635,0.82125500603291000,,,
0x8403827b6756A73DA82774ed32D18E3b3c5f483a,0.006012476635,0.82125500603291000,,,
0x3Dd58278f69B07BB4fb39F127A42C6F8A9b3595A,0.006011854354,0.82117000758475900,,,
0x2cd49671453409731418462FD6BBeCed2e1210EB,0.006011854354,0.82117000758475900,,,
0x6972592BCB8Adbaa811b81f4E2A72977f7EDA866,0.006011854354,0.82117000758475900,,,
0x95A657514E1272E41941eE390c7e8D0C663Cc57A,0.006011854354,0.82117000758475900,,,
0x1401a0684a6035FD1DF77f186B23211C88867F6F,0.006011854354,0.82117000758475900,,,
0xbc6A778033E2e4A0e088FC840e1FDac9Bc6Cf816,0.006011854354,0.82117000758475900,,,
0xDd475a305cd9b4C328201941E4E373330fB9FF99,0.006011854354,0.82117000758475900,,,
0x4Df1AD048308B6E30D34A3894aeFbAd3a18B6f27,0.006010609793,0.82100001068845800,,,
0x8d655702577D850E46a2bD778Fe397917040318E,0.006010609793,0.82100001068845800,,,
0xa12bfe498b9b7DE716A620c46Bad32F179e2ef2f,0.006009987512,0.82091501224030700,,,
0xE8277F8bc6B4D0eF0615Cb14688388FE92aB5523,0.00600874295,0.82074501534400500,,,
0x0888E1d0Fe35991b5237561A22d4E413839489C7,0.006004386985,0.82015002620695000,,,
0x92599f6142496EC8e97a60Ea64402a9D020fE9f6,0.006004386985,0.82015002620695000,,,
0xA7B330b0E3B9D160EfACB692f647861A4911cA9F,0.006003764704,0.82006502775879900,,,
0x3001535F4fe775c59D5AC8428ba08e2049ed45Eb,0.005996919616,0.81913004482914000,,,
0x22DCD25f270915a236e531E29F0f6b8F7a63dD78,0.005975509055,0.81620553778342400,,,
0xd08daa7D0849FE3Efbf17F9Ae0c8a37C6CD6e9AC,0.005953927538,0.81325767951569000,,,
0xFa93a6A4F0F89A0bdbf401F0F055978Ae162a82c,0.005945174578,0.81206209694829400,,,
0x95Dc43ac51f37d0eD7f96D15245d09CfD506604f,0.005820868869,0.79508295639351400,,,
0x7B5846458F30D0EE361cEC4fF4E49C6116Cb25b3,0.005804033098,0.79278332804903900,,,
0xccfee862f8B6FF7ff6fF1214E1be6C9d41197B5f,0.005741052815,0.78418073785707400,,,
0xB9E2615D60a33DAa21EAF3280b453661f6Bdb650,0.005738078176,0.78377442659393600,,,
0x300B384e19f1514381871D97b559eAbCD473A497,0.005737483248,0.78369316434130900,,,
0x31bc063725E521e36fEF8B725C221e4716c86758,0.005731951104,0.78293751879675900,,,
0x5AE242a1F1c8F04598fCd12B11Ad7Af50F021e10,0.005693602198,0.77769937267335700,,,
0xAD19D7A1acEf592DA5Fd3De8D203E81007Bae086,0.00567647922,0.77536051427588900,,,
0xf34e8a57f6fBD74235dCF35FE59B476f382B5E13,0.005663664339,0.77361010667331100,,,
0xd778dCC8CCd692e5ce461b096044f4B14C8299af,0.005620487628,0.76771252204008000,,,
0x09D1B8286Eb3D0fb00DC96C179Ed92d1EAAF6BEa,0.005609074589,0.76615359445806100,,,
0x92929142d51F5c6083ec30bAd8722f16f407517f,0.005570732521,0.76091638238353900,,,
0xD6BF5fa70E944F755566F79f08f542265f910508,0.005549404019,0.75800308392439300,,,
0x84b1E4842C12DA8993Fc865ff0507Ac639b9b20d,0.005501932888,0.75151891659403300,,,
0xAf14Ee23DA58D4Be2b74f4811931E3bD2EEf109A,0.005439903122,0.74304615919649700,,,
0xa5c646a304C88051Ca8521D8170520E807A88260,0.005384814179,0.73552146141295000,,,
0x604b04e2c436CE468D56Ace19AfD00e21C0C7A31,0.005380882186,0.73498438330650300,,,
0x6e46b24af88aaeaA584A6C9c0B33df7b8db2ad24,0.005377551958,0.73452950150156400,,,
0x05d2A2b05281Fd1E62D383A3eC37311e0dF82374,0.005319823451,0.72664426085003700,,,
0xc94c476AF6d5b877D4B8745d9D998B765a491573,0.005289728313,0.72253351172573300,,,
0x0a9cAFB53303Ca55114d0E41bB01a79d20D8a9b8,0.005271408641,0.72003119477412900,,,
0x1E04f9BC784E9CD4f7A0A8f4c1d44e1cc562079C,0.005165367897,0.70554689877990800,,,
0x80be65193Df379101ac65439133807B8D908C88b,0.005009701974,0.68428421005788000,,,
0x5e2166D4AA367913077D1Bd947200070a0DEeaFA,0.004998651362,0.68277478706654200,,,
0xf0BE563E3a0F5f152be82724a3a439C84a00bbdb,0.004895585257,0.66869680233545900,,,
0xB1066677E3C05215DdC79178A073793c6E61B477,0.004857715029,0.66352403963371000,,,
0xC60F78a137D9035b15B0bfb1AFE7100d19cFA01f,0.004797326442,0.65527545396756000,,,
0xb5fd26d30F6f65487117296BdF5f71a9399379F5,0.004593156811,0.62738755653417500,,,
0x85cD8494a1658E8680BbdD83f51DCff1C5410F30,0.004497489693,0.61432021269209200,,,
0xb264BfF6385d26c11b1b184788BbAE3b25eb0Bb1,0.004493858583,0.61382423273640000,,,
0x16Fed668Fd8C4969333D39F1ca5A78836325DD45,0.004395312561,0.60036365431551000,,,
0x290DF531D5d9AbD790C4544F320E2B25cc88c0Fc,0.004377348479,0.59790990790570600,,,
0x644ad95C95273c5B6E790bBc597A984A0c59CAD4,0.004333993973,0.59198803800157300,,,
0x63dD7C1f6cBDbbaCBba71D53b818D3802B67F0f0,0.004291248072,0.58614929844783200,,,
0xdd538808628dA48627057E97c6BA82588b80e4B7,0.004255046377,0.58120444367299300,,,
0xdFde1b1C9889D878025ebD666E10f6981c685B05,0.004198788094,0.57352002353083400,,,
0x5dba1E4665CFe08EC8Be5Cb5669a0B52dfe563FD,0.004048339755,0.55297001410483900,,,
0x253EcFa4Af7F0FfA02E3d6e67ac338ECCD831E74,0.004016993217,0.54868833403535300,,,
0x76e4b4a7a32Dd608eAb390AE6f4E8Af319e2601b,0.003937101941,0.53777584096122600,,,
0x23454C96f7058251895A8D0101B267d531B288b9,0.003914241672,0.53465331555278400,,,
0x10d4722b905a3EfADFFF6cF9748d14990BE06497,0.003901413114,0.53290103985244500,,,
0x51bbb91bd19DdC14d8F8EB626CC19392dfA50b4C,0.003893173023,0.53177551095110800,,,
0xb56105E19E2d6c7Ae6bfc7A10a9F616ba38c76F8,0.003860287879,0.52728366988344800,,,
0x3ebcAe88acbAc546681663e1b84e9C23165Da618,0.003836258268,0.52400142211639300,,,
0xAE7435C19f2458b066C03fd4C6be35f4De922521,0.003834206793,0.52372120745216100,,,
0xFE982c7709bDCaA4054789Fc144E4451D8f0dF83,0.00376974261,0.51491592865306700,,,
0xc0F8dB4f5760f839DEe95D98EABA38b41AD8d378,0.003703897101,0.50592197198005700,,,
0x40de17bB9AC0E9EE705eb402Cd364e39bb78ba80,0.003636089013,0.49665994327826300,,,
0xd823e1b4C475a4e0101aA3EB9719F05Af05a316d,0.003613386023,0.49355890099408100,,,
0xEB26906094d5cAb844F7cfC63ED0f0C78f8B47ea,0.003603073942,0.49215035528186900,,,
0x3Fe813c775055ACdDdD0F79476f14B4581b24a18,0.003589349574,0.49027571917814700,,,
0xE312122FC4a46Ba4806FAEDC3a822AcEf3f1B75a,0.003474624253,0.47460518110533700,,,
0xe88532D2Fb582F02E240672D9B2d3D4B769e217a,0.00345806885,0.47234384876497200,,,
0xd6a69cfb7ef31b45dC2d86b576597d959e1aBBDD,0.003455148917,0.47194500989288000,,,
0x9B5e076F168E743634E182732afB210Df775f0f7,0.003429088347,0.46838534960823600,,,
0x7830D9a99b2Ea4bDa91E60103E257A538aa6a9f7,0.003407978669,0.46550194071327500,,,
0xe2a5F2cc9eab18895aDa4866206fb6bfA560681d,0.003378232281,0.46143882808189100,,,
0x833180ae02718Bf316997a67EdbDbdDddCD4DFC6,0.003375613231,0.46108108736055300,,,
0xB6bf79d7aCF6290DAE1CECaA0FA13b293121e13a,0.003323676722,0.45398698611104600,,,
0x69B624370c13C275747f829284EA2e3c13930b90,0.003319997744,0.45348446781318700,,,
0x5A68fa975f400679b88F8b43c4a8A0580E7F9cd9,0.003310759268,0.45222256777525600,,,
0xB0D39460bA68b261D4b3c4F84F94Cbb88eFBcCe8,0.003276889416,0.44759622366876300,,,
0x5819bAa275Df8Fa83e292077d85B2baB1694C363,0.003206428087,0.43797178400122700,,,
0x4FfCc339730A09428f0387691c9AF4a07e59890F,0.003203938964,0.43763179020862400,,,
0xD0b374c4b1D19E4508C1dD429b7cBF254e23c479,0.003150169804,0.43028736385906800,,,
0xd9d9bbB6B5dF8cb25C3B9558bD9291D242F073ec,0.003145813839,0.42969237472201200,,,
0x11A010529BBe303bA1bf53BfC2EF5c6DD5Fb7E9c,0.003126591518,0.42706676331814600,,,
0xE2eE3F1A359dAd3Db19c1d45bCF7de0B05672da5,0.003117872749,0.42587585099515300,,,
0x19FC72CC8cBFA3E1fa519196903afa1034bb8965,0.003099936019,0.42342584078087300,,,
0x0D8b414241073612A388C46c7d390AA916e6C8B5,0.003075954277,0.42015013135598500,,,
0xcf0fcFf4A5076E6397E2Fb8bFD8C67fB56a2f16C,0.003034377716,0.41447111416085500,,,
0x534D78dCe9757596Ac3935A20C41Cde68E73cFd4,0.003020366142,0.41255724800414200,,,
0x42abCB73f4b6629c263Ea0d9f277D0C2E62a9b43,0.002817352175,0.38482720483160800,,,
0x43F44d1A17234883cD828463b929f55b597f9d1E,0.002817085483,0.38479077692525700,,,
0x46bC1Ee969fAC56aF774925b2770df059DbC90F4,0.002777574075,0.37939384249212300,,,
0x6b58a0684f55b983325C49AA4a721a389fD79eBb,0.002690796682,0.36754076219505200,,,
0x3411D364e0CDaDE46B5c3fA4Bc1eCc6b38ECEa7d,0.002641185178,0.36076423756500800,,,
0x054C752c39EC84C0f0C87438498B6ad5A130e562,0.002619377998,0.35778555568420800,,,
0x3828EC2df8545Bfbda7B3B3b6B91ED18b2419133,0.002576830407,0.35197390354800800,,,
0x232ba46bc8FB9a6fe5e85a67c89620EeAe9fe823,0.002474810554,0.33803882829568200,,,
0xdfb75D35a836636c846cF2aACB656Af30a7d3ea5,0.002421355954,0.33073736819464200,,,
0x383a6B5e4B5d087CDa42eCaCd17484cD2343cF46,0.002409505267,0.32911866148425400,,,
0x810Ba41B703FbD1c846c6f6535A98B37f550fE6A,0.002286191104,0.31227495801718500,,,
0xc51C9fBbD3d357D5B0715E51BE2B4633DFcD60a2,0.002250317644,0.30737493758862400,,,
0xAf11c116C01Fa28d752e05630F384a1bf5A0E6B7,0.002217712868,0.30292139252507600,,,
0xd72f88B59B73870ce1Ea3C985C1592C388B959f8,0.002214567273,0.30249173003991800,,,
0x2757784140d6873502fC62fb378Ea4104535b05d,0.002214567273,0.30249173003991800,,,
0xAd5b4C17557FF2fEC0699f3F7B3C2C6834671E56,0.002196028777,0.29995952352412800,,,
0x366E79a898439D53EA00b4c9C8f3C12C632C36B6,0.002193430242,0.29960458494943400,,,
0x19E1bF2823f2D9a5d9e8D6b3dbF4A33C7C453F13,0.002155402734,0.29441033912342800,,,
0xaD551f02A7521CfDa84f134Ec1009ED9F3176c9e,0.002117252137,0.28919928041756800,,,
0xa8a0cb4E2DBbeC8057e69B1d4D69E5cF74EAc819,0.002116629856,0.28911428196941700,,,
0x9E7530B8547ECB4db74106651a6eAEd26976Ed33,0.002051263024,0.28018570871806100,,,
0x1044F3E3983B896e5A62304EBBf8362D55DE16ed,0.002050018462,0.28001571182176000,,,
0x400f20b52547f50F177F7716829162903B032865,0.002022296197,0.27622907765908600,,,
0x354ebd15Bf687Bd478AF34C98DBB0bF2556A7425,0.001957654219,0.26739951358909200,,,
0x1bD803e8cBE93416bD2E97FEfda8d1553C39bEa0,0.001935293142,0.26434517374894900,,,
0x92d1F58916787B7E9933E177EF2470629B293C41,0.001904179104,0.26009525134140900,,,
0x76885d8271A0ce5Bf771dcf9e305Cb73a6e0B1a2,0.001898947843,0.25938070394761400,,,
0xc602D50ffC9c127212Cf632ea0C5232c9eeDD039,0.001893155845,0.25858956454559600,,,
0xCAc1c83543d583A195ba976e5227C39C0719069e,0.001834292189,0.25054927177985900,,,
0x84AD1Cc263FD714f84b4fFf358e58d2332E99703,0.0017891529,0.24438361511784500,,,
0xA3B060C6A30EF9134DB354F5A97f8BeceF87c60f,0.001783962668,0.24367467201733400,,,
0x6986D3d8860Ec43eE13746270cF32a3001ff9591,0.00177723383,0.24275556791865000,,,
0xdc2645B4085f799d77660cf676f9CFe90d665b45,0.001742010005,0.23794428213376300,,,
0x548719fBA49B4aF6ea1FB5AB7e806A934E408f5E,0.001685587603,0.23023744481846300,,,
0x07a48e11618875d04611b1f6807c29f1cDfb064a,0.001677231262,0.22909603708615300,,,
0xA81280e0946a018DeB5deBBfbBc37069fb1F03d8,0.001665401089,0.22748013252240800,,,
0xd77a21C92c8E859fE89ce42D7E9abd9454237De5,0.001664778809,0.22739513407425700,,,
0x1acC072C1709c3E6A6a878d00bCaCd97F9b008D7,0.001657728573,0.22643212967817500,,,
0x2451e898DAb62BE74B48C08Ca646e269e4f096f5,0.001641180008,0.22417173138669200,,,
0xA02cCF649F804272E3879Aa4e5547e376aa922Ec,0.001637077058,0.22361130205822600,,,
0x0dA62fE23CE0b03548ECcd977d0C741b663393da,0.001636502645,0.22353284195223900,,,
0xAf40A2a3089F7BaB29d02B02f44F1A297d627c99,0.001620042977,0.22128458629620800,,,
0xD5dC2C8963DD02E6003a59BB5AD8697b76b72e21,0.001600410361,0.21860293195949500,,,
0xb9791EB6B1D30c81788b921683B521d849Af75a9,0.001569727133,0.21441185463144400,,,
0xf97cd2b92edd5346Cb1e30Ea6Ee49cdE4899ab69,0.001555414676,0.21245689032397700,,,
0x97438E6aE7559fcB28CC2Ec7ceaB84218b4b55bD,0.001495128664,0.20422231539103800,,,
0x39f8F1d7b4aC6087eE65445355cfbc95Da62cb54,0.001474545531,0.20141082825989600,,,
0xb8EA25C26B2B00edB30d2751E44CfEF034437e87,0.001456629316,0.19896362019225900,,,
0x626188b3C094a98Df55ABe3cc0a3Adde60a656A7,0.001438836189,0.19653322500447400,,,
0xD65480C8FcBA56af1dE29793d0AFDe3F36B67F51,0.001437126627,0.19629971278428000,,,
0x6F30dd1A693F3F5e4ACEBA17006f67F993936c2A,0.001437126627,0.19629971278428000,,,
0xE680A57545d2319A7A09Dcfac0a2Deb46E80d51f,0.001437126627,0.19629971278428000,,,
0xA9e3B7D6E9D91d3e06c1b2A30f87AC31Dab8b60a,0.001433133089,0.19575422823790600,,,
0x06FD742936074bE2C3709B46868fFFDd3BEdd866,0.001405328764,0.19195638548866300,,,
0x0C2728317C355C7df14E5923bEAFF74ef62F6658,0.001398887133,0.19107651144297000,,,
0x214C0Bf33c2f0D48f1f0F16f9b71F015FE21fFb4,0.001382229156,0.18880116836939500,,,
0xE5F6Ffe955448E7F59dE8e28E1e841b3e654943e,0.001376368775,0.18800068847856800,,,
0x63F56b31d5266274C0D6A8aD3C15A9D526fAd6C4,0.001325382783,0.18103642002348800,,,
0x9A06eCBCe867074CB8F03881c81794Db2939768d,0.001260070657,0.17211531916317900,,,
0xA3cE839bB269201bfABe1CCf411F46EBCc840232,0.001255714692,0.17152033002612400,,,
0x469c840E1C284d531461354505dc3Dc27227B15f,0.001235199942,0.16871818338379000,,,
0x9a5d87B0C9c1739Cc75EcA9d99e2e44d922407c9,0.001233497217,0.16848560521247700,,,
0x1B36C5eA0180bC0faE1952D8478Fa026C5290421,0.001229086546,0.16788314368437500,,,
0x5e1BF23075E72728069f58B6C7F73D56238EfB72,0.00120797003,0.16499880074053200,,,
0x3cEF4a96519c5f9bBF94505C62d7D081a54A0452,0.001193678087,0.16304663857970600,,,
0xA32dd2BFF7E61FB0EAd6ED68247806565A424d84,0.001185752556,0.16196407592688500,,,
0x1Dffa239754417211541714BfBACD1a4b3f3D872,0.001162748683,0.15882193549194800,,,
0x9E8A903f80b58f5FBbBf4913e528be5C043aF5Ed,0.001126170883,0.15382570802866700,,,
0xE6deADE40Afe4Acc33EB4de6C07D8ba05e5eFACb,0.001123059479,0.15340071578791300,,,
0x0A8Aa4C3e4f2E51dC1BaD007F9428f70Ce291d1e,0.001051579252,0.14363710283714200,,,
0x78e29D0aA06F22fE5A3F6b71B90f7a37a63b7F9A,0.001035201643,0.14140005576767900,,,
0xec42a5accA070F1dC27ec8Ba176E0C847b5F9d7F,0.001028896776,0.14053886269960200,,,
0x4e75AE3649b728e29Ed25c58B346c7Eb58525319,0.001000408627,0.13664761506228100,,,
0x8e3f5DD16F4443D3B9B1b6e7d1011E8baf31EB7c,0.0009735958484,0.13298520940075200,,,
0x86b07F71041b45d22c1004A8e122aE54d50F3E67,0.0009262409669,0.12651692090136500,,,
0xc2B4F7bd5CBA7358D42cdF0712A95097079AeB6E,0.0009142740293,0.12488233536000300,,,
0x5569091e7Fd583Ed25FED54abeFA71DB5FCf80f9,0.0009003923818,0.12298621613202400,,,
0x1305E1FBcE64442970a5f2A5e9555CAE2EB6EB49,0.0008627614918,0.11784614514110400,,,
0x9Ed4871954CEDf05b775a8F6d43Af64B6915A961,0.0008327005447,0.11374006626120400,,,
0xCD280b0F5BDA024444D61dBAA498364436Ea0442,0.0008288779629,0.11321793293685000,,,
0xD1DCf8022f8e86c215D2f63fd49EDC86B0119F44,0.0008288506099,0.11321419674132600,,,
0x0D8C40Ab2F2a67DF76892Ec15A368dE297f5A6d7,0.0008214652999,0.11220542395008600,,,
0x90F2Db7cD764b558fc575B38A44e03DB00B8b194,0.0008131841791,0.11107429075546400,,,
0x75D0802033a68598914Bc93056a826410aC4D27f,0.0007927993558,0.10828989104186500,,,
0x81D8156828901E66C633E591374A59Ed11927146,0.0007560711148,0.10327311450320700,,,
0xc1dC0bb0fd897C36d477Fc25742e13DC4b73250d,0.0006954500283,0.09499277117511100,,,
0x1baC1B022Fb7FA98E6cF1298604248d72824a249,0.000627258999,0.08567843573599370,,,
0xE28b69B1Cd8eC248458d99F41751b1484889c156,0.0006267598067,0.08561025016769710,,,
0x494e58C873a1888ee004a89CCf1e6Ef2D43DB5D3,0.0006104574186,0.08338347763592250,,,
0xC7545B39E2e66A3A44B5289daB0a3d3B30a8554A,0.0006005009266,0.08202350246550760,,,
0x1Bd58e04FAE3f3547F5A2c154Df9Fa0876538430,0.0005926711303,0.08095401649701940,,,
0xd9CeA857adb1c4690d488a1a5F459D472980e65C,0.0005908248028,0.08070182329920930,,,
0x334267CA72Efa0B645287e40C68C3b56e980C8Bc,0.0005812102233,0.07938855057283580,,,
0x036a45d859211190338b5B2befE921Ef6442F2C4,0.0005650309237,0.07717859092091500,,,
0xce2cE8c4a551316b457c0e15b8Cf3e3bc6035F9d,0.0005636290824,0.07698711090035570,,,
0x37fc58fc96990f454781771fe6358CAd35bd3556,0.0005611399594,0.07664711710775250,,,
0x526749BE8515c7537E402f65035B2aAe99277951,0.0005569412739,0.07607361109495500,,,
0xaCB3a6051d5B41B244A6a35090e6065E15c1E90c,0.0005261076045,0.07186198469152740,,,
0xEc60572B1Fc4fBAe15e8b14A4FaC499E886357A5,0.0005171153057,0.07063371041330490,,,
0x8D0dDD9C2f9697E1456E8EBfB29ca2CaBf07A265,0.0005021805676,0.06859374765768530,,,
0xB51a4e5d6C6Bd24B2ECB67Bb1C8918eF49549Ae8,0.000478533899,0.06536380662795540,,,
0x0b0CB9D19Ca7D6f3B42D31a52906130eACf29992,0.0004729333722,0.06459882059459850,,,
0x3fB7a69bd95Eab6E6BAc87A446F0b5bB9956d28d,0.0004386737396,0.05991923570190140,,,
0x42d49141dD31E56cF9619dB6FEDE21229cf4d873,0.0004381677091,0.05985011608472390,,,
0x961DA594bA1779fE46164fCb3Fb756524BC95a0a,0.0004289360715,0.05858915009567370,,,
0x1CCCe5fa2e19b0ec2fb075234ac7aB17CD6e1a56,0.0004100830162,0.05601397733136900,,,
0x6568a7d48583Fe78D040F67ed64cE22210c3B61C,0.0003775944903,0.05157631109879320,,,
0x3D6A78fD10129757142C8e49A6EC822C8e6e3e03,0.000365278802,0.04989408906451260,,,
0x666BacF8630eBEB58900c73dAFeEEa9a96aa464f,0.0003514586987,0.04800637627646020,,,
0xecd44d975B3ebBF27CB551cd2B178DeCA914B24C,0.0003384933766,0.04623541959850540,,,
0xd7a3c12497f4dBf591de17f7A47417593C8B0daa,0.0003335424836,0.04555916820882220,,,
0xab5f5AF8ca8a8eCefDf65550d69B6a3Cc9A49c4d,0.0003042952882,0.04156424114573490,,,
0xD9A49E2570BA6962d60c63551cC346F804cD02ED,0.0003030507267,0.04139424424943390,,,
0xE7c2863e0F475797FA7dFD6395d9057450D7B97a,0.0002787544243,0.03807556857602970,,,
0x59b40D9F612c76247625151C7713aCe4b09cC759,0.0002749386808,0.03755436930055570,,,
0x18b735D3D046E7127Ea72F381408CBf749E56365,0.0002671841053,0.03649515786975360,,,
0x4BDC7C9Bc413bDebb4441553C3Fba993337F67d4,0.0002663361623,0.03637933580853710,,,
0xf873A21D842bCe382bec597D5d6fb69971e10B54,0.0002625751247,0.03586560892410930,,,
0xd47fccaF6A154424F78c748416b1cdb15A3e2A05,0.0002159314213,0.02949446150832400,,,
0xD49011E587fedE96B7A62f731aE012f4BFE58cBb,0.0002029113932,0.02771603243932170,,,
0x18FfEf2Acc52f74b6b5b1F581bbaF1683Cdc5560,0.0001779722953,0.02430955617112500,,,
0x94d44784313d74c2EF37101051e013c0a4185D31,0.000168638084,0.02303457944886330,,,
0xB9C721c7Dfa5cdbc780a358d34d9B8CD4b6d429d,0.0001599261535,0.02184460117475230,,,
0xD910cEeb8f9895f285E44bD2F687d0b9e8221FC6,0.0001572797507,0.02148312425789130,,,
0x8Af631E918c5BF23b3c3D94bF5C4a4B143FC30df,0.0001520211365,0.02076484066857310,,,
0x1601AbB1780b1148E216997Ab3f6c482c58dB789,0.0001406354502,0.01920964928207780,,,
0x1b641Dc6Ff5EE1B2111674d4F3661728701b9048,0.0001331680811,0.01818966790426880,,,
0xCab8B5F289Bf3422Fa923d8585FB6723B301Cf74,0.0001020540435,0.01393974549672940,,,
0x87141b412acb541b4Bf8E077a1AC22225C46E2EA,9.81E-05,0.01339426095035490,,,
0x50F8d3bd8b3E02254BA2E092eb0d73f4ccaed4bD,9.33E-05,0.01274976722261820,,,
0x040a7454602d09307815CF87031D1d32be47CCF2,8.77E-05,0.01198478118926130,,,
0xeB32eDC9785A5f2c5A8e3aeb3e7841Ff696d28f1,8.12E-05,0.01109650070364130,,,
0xd1f3b946887dD5BE9cF532010256DBf218a18463,7.56E-05,0.01032310823035720,,,
0xafe775D6669C2bA2E9f3449da3602bB52C8cD209,7.18E-05,0.00980190895488312,,,
0x4c6806D915a0DfDc44233f5e8B00B84AF621eAff,6.90E-05,0.00942922345145289,,,
0x7E5dF4294534C3C7C5dbdCa4fC87D65750F6f360,6.77E-05,0.00924334772417805,,,
0x07331fa61F38d3CbAB1CDDd9258Aa4433630e689,6.47E-05,0.00883983860768226,,,
0xf07f39c54C06049AA6deda84Bf2531Cd659407f7,6.22E-05,0.00849984481507878,,,
0x599879648cBEC9B691DcE6E803D6094Bf64Ee867,6.22E-05,0.00849984481507785,,,
0x9608dFd946395A8E8EF5Fe4b9d80b0C3eD7f588E,6.22E-05,0.00849984481507784,,,
0x762d6DEa770153DB7D51b80913f5F9021B26bC3d,6.16E-05,0.00841484636692790,,,
0x585B72047ccdC9D2331EC6041ec858E8A634948D,6.10E-05,0.00832984791877750,,,
0x0066B241763f9Dd614A9Ab954932E9d8e1B14db3,6.10E-05,0.00832984791877702,,,
0x302D325256AE0058820352967AAB9795257B8fc0,6.10E-05,0.00832984791877702,,,
0x211DaCC2B91904C112D27e2d9ee0eA00E1BC0a87,6.08E-05,0.00831116694116162,,,
0x5552C990762f00E114d42A3A351aD6497939ec72,5.97E-05,0.00815985102247622,,,
0xF61B983E60Bdfc41C723F1eF354691773D06A953,5.97E-05,0.00815424672919095,,,
0x07B0F8Df7B5919543dcd8a41720B32FD91B4E22C,5.91E-05,0.00807485257432488,,,
0xFffcB2252028EB2899263972Af788fe801420440,5.85E-05,0.00798985412617542,,,
0xCfb0497F25B46a373FCb230dC49b70FF059Bb8D1,5.85E-05,0.00798985412617542,,,
0x2aC7C70a047c1dCeD34B9f299aBA324d9D5fEb1A,5.85E-05,0.00798985412617542,,,
0x9352E487Ef4700DD8557869ed551A39d1bb7D6c3,5.85E-05,0.00798985412617449,,,
0xD95E2F0a26ECd0F1c6f6e2E71F2aD00fC36c27Cb,5.66E-05,0.00773485878172139,,,
0xEEF825c114769a9be2f7ad4E1467D3EaB4831611,5.66E-05,0.00773485878172139,,,
0x82A75Acbcb67761e096A35a283E7C6850D38f523,5.60E-05,0.00764986033357194,,,
0x106EbeF3084EB6867B659AC4E76A1323744D8e1d,5.50E-05,0.00750975300145419,,,
0x39DAc3142Ac6E9839Cbd0699E7Fee46b2AF15221,5.48E-05,0.00747986343726924,,,
0xde168E984558f97FA7f27C9e4d79C095F5f2c198,5.35E-05,0.00730986654096796,,,
0x9dAAbcf1dfeBB73377C01a9b75aeaf2a7A620529,5.35E-05,0.00730986654096773,,,
0x550B60832c5ce7eA8c004848c08FaF2fF2Cf12c8,5.29E-05,0.00722486809281710,,,
0x6fE87510C548B9e0965d3D4b65eE7243da6CC770,5.29E-05,0.00722486809281710,,,
0x977d65d54668e48e935B70dA10aDF17eCD54A01A,5.29E-05,0.00722486809281710,,,
0xef0E6eb9E10675ad77F73aeff9753D34A3402672,5.23E-05,0.00713986964466764,,,
0x687e6d1d96a8cc4dAf7B6776F92806806c62566F,5.23E-05,0.00713986964466670,,,
0xf3703a43f614F44882775E0f8F4eB63dB5444a70,5.23E-05,0.00713986964466576,,,
0x9a42F280ED223319A0594A4E76FabFE064890E8B,5.23E-05,0.00713986964466576,,,
0x86D538330D83E75e0f869E454868e11EE15c5048,5.16E-05,0.00705487119651536,,,
0x4744d7300a9fB5f69EBD9b0Ba8C10979b63e817d,5.16E-05,0.00705487119651536,,,
0x2a98cAEAdfA7DC86619331692400E87F46CE0815,5.16E-05,0.00705487119651440,,,
0x453de6467c5162dc5545c839C46943F318F2d64C,5.10E-05,0.00696987274836401,,,
0x1039793Ff058CaB4B0661C6199026e636b2861Db,5.04E-05,0.00688487430021408,,,
0xdF2120120a77591353EB24c25E6d78Fa64ef2965,5.04E-05,0.00688487430021360,,,
0x11F3090A8337cb3A85Dd12ff8389eAfce38Dd127,4.98E-05,0.00679987585206320,,,
0x012718fd6FbbA69dAcC7B975b7E2485580e58A16,4.98E-05,0.00679987585206320,,,
0xedae23E2648c19EeD497eA94FbA55C2ce1899283,4.92E-05,0.00671487740391234,,,
0x80850dC4B7B6E13DD4E4a8244980E1b2059912F1,4.85E-05,0.00662987895576146,,,
0x344b8C67edFa911D4489C85a4d4Fb239f14e4249,4.85E-05,0.00662987895576146,,,
0x49C290e22A9d3F9A33457966098790f04BA57Bc2,4.79E-05,0.00654488050761106,,,
0x34f1CAaffec9C7aE2BACCfCf7B40874CE0145021,4.73E-05,0.00645988205945972,,,
0x2573D03BAc30b05e9124DA78AeE07e27BfC11a96,4.67E-05,0.00637488361130932,,,
0x8516cFEbDe7545ff5F7d0001b71Df9fB68e3130E,4.56E-05,0.00623010603478861,,,
0x7D266639eCD3bd87A6fDe6d65CF104DF3cf2AbEA,4.48E-05,0.00611988826685623,,,
0x5F880207725c209DB820904bd7A91DB7319c2F30,4.29E-05,0.00586489292240502,,,
0xB5d9EB43113EC02E6B1E4f131a3c56440Ae41ECF,4.29E-05,0.00586489292240454,,,
0x3Cf47d9616524658A3B811Eb945B9c472Bb8c7dc,4.23E-05,0.00577989447425368,,,
0x70dCeC40d13B4fC0E7A8b89983CFA37cf842a081,4.23E-05,0.00577989447425356,,,
0x4CdB6060011e28c6cC709CE432c5762Ff30C5f47,4.23E-05,0.00577989447425356,,,
0x010d33778E2E0827192a95b4565193CbBEFc1a15,4.23E-05,0.00577989447425320,,,
0xCB2697D759D017F6Ca6E94EE3Ba029D2Bd1F5f5D,4.17E-05,0.00569489602610280,,,
0x9c6c8Def3Df4D7F452aFbd914318B4cA69Fcf3A5,4.04E-05,0.00552489912980106,,,
0xA7eC3d54dDFD48b79f826C94abE6EC793Ef2e787,3.98E-05,0.00543990068165066,,,
0xDE18da3c34d722DcC6eB72dB4D955a1498105355,3.98E-05,0.00543990068165043,,,
0x42981e6e4852b8Ee003337011852727e2508953B,3.98E-05,0.00543990068165018,,,
0xAC32cCa01311F9F15F5267533da59DE31f68D551,3.92E-05,0.00535490223349978,,,
0xBeB3Ca2132835597cee82CF92f3C89e1A145E35f,3.92E-05,0.00535490223349932,,,
0x3893755f9dd2aEff35f51c7e60EFd915E3Bb0887,3.86E-05,0.00526990378534884,,,
0x749a05ce712CA5369dD44e5d4F872B71578f3e2a,3.86E-05,0.00526990378534882,,,
0x9f7113B92D0637a418E5E06A8CE766465F901EE6,3.86E-05,0.00526990378534879,,,
0xa4aC7205D57194547b18021127ceF8DEcF076387,3.86E-05,0.00526990378534858,,,
0xbC02624fd9f589Ea719761c35Fd1Ad60149fc0D6,3.86E-05,0.00526990378534844,,,
0x4fcCC4cbE18db8190b09f2b31deC398E5D236B8A,3.80E-05,0.00518490533719807,,,
0xFb42bEcEdE0a5eB0aD33ea07E2165a87b584c0CD,3.80E-05,0.00518490533719804,,,
0x9c7d5a3f7FC2C2e790d27de184144C080e2bCF5a,3.80E-05,0.00518490533719804,,,
0xB5dB8334134915b62bA4FAA9c05B1CB9CE519C70,3.73E-05,0.00509990688904764,,,
0x66DA7f1056C459e734a7111d723A332D790B1CE6,3.67E-05,0.00501490844089661,,,
0x88d09402DB0684a339fA8a53331d0723465c4E52,3.67E-05,0.00501490844089641,,,
0x4ece2e6A27c94Ab9B2C55bEf5E1e9D168499a2D1,3.67E-05,0.00501490844089641,,,
0x726274dA5e6A70c9FD60599736409B7737d11EDC,3.67E-05,0.00501490844089630,,,
0xE3dC80DD5D143FBC660c2A2176242d725a955d19,3.65E-05,0.00499155721887491,,,
0xfdA2B70e88EB6b4314fD433832Aa35CF4Eb54447,3.61E-05,0.00492990999274590,,,
0x43A5154896C217668AD4bF021418517740569e27,3.61E-05,0.00492990999274590,,,
0xA7161d4db184467f05879F6Bb632F10CA1ccA17D,3.61E-05,0.00492990999274590,,,
0x612d94A72AcccB2967Dd78f97300BBb9A3cA28fB,3.55E-05,0.00484491154459644,,,
0x4B7d8fFa19c47232148De26b40597d7c2860C164,3.55E-05,0.00484491154459490,,,
0x236f4EF18f65E637F4474B5F54C627F884F3CfA1,3.55E-05,0.00484491154459454,,,
0x15167affED6ED1D5d070AD2162b167343Ef7Db2a,3.48E-05,0.00475991309644320,,,
0x2e08CBBA9B0dd9435dAf5457b7150a5B9714c7Ef,3.42E-05,0.00467491464829374,,,
0x3885253C88390F4b7f132ba829f2483467F3bF5D,3.42E-05,0.00467491464829328,,,
0xc8cf47a597B5133fADc46f816111bBDBD5558fE3,3.42E-05,0.00467491464829328,,,
0x8c962d232219Ba491F2099F03E43E29E2CAb7bEA,3.36E-05,0.00458991620014240,,,
0xE1b02a81a0B1Ca8A939970D16319727857a68458,3.30E-05,0.00450491775199294,,,
0xaA2E378695399BC002782ff9C78311FECb317Da4,3.30E-05,0.00450491775199177,,,
0x10C427F9657177122d7111eBE1e26AFeF4d403A1,3.17E-05,0.00433492085568978,,,
0x25801de448d83044a7e19b7853Ce7427Ed8674d8,3.17E-05,0.00433492085568978,,,
0x559Fa64B39B678A6C262B991BBBe873189a07fe6,3.11E-05,0.00424992240754457,,,
0xd3Ce7c59d49319bEfd4E9731421025D6cFBcB2d8,3.11E-05,0.00424992240753986,,,
0xa107A2eDf3C07F9DE4bFC3Fd03F429c9F6Ffb7E3,3.05E-05,0.00416492395938863,,,
0xbdA76ACd188947A69AEBd2e1d945E5DBE0ed1762,2.92E-05,0.00399492706308676,,,
0xFFe0e05CA7A3279E85A2D5246A5db2C7A020732B,2.92E-05,0.00399492706308676,,,
0x5da3eF4F406af94Ac903B163853d8B1F27C794e6,2.86E-05,0.00390992861493624,,,
0x5043CdDD92cacc6C82963B941A28666d1568d167,2.80E-05,0.00382493016678548,,,
0x24083D844716eF1EB16AF16C54743C39DB5EBfa7,2.80E-05,0.00382493016678537,,,
0x6628d917F9fB6fCe121A8Ed2B6956Ae9322fa9e6,2.74E-05,0.00373993171863462,,,
0x65FF0a5Fc2398e3F9107246438C4b3F8281b2921,2.74E-05,0.00373993171863462,,,
0x0F0950E9dCA7ddE2F5B3E0B4B3e53D0521f3b472,2.74E-05,0.00373993171863462,,,
0xABA11110f2795F6Ce1859cE8a2d4029508B0dca5,2.61E-05,0.00356993482233288,,,
0xBeCeB91c8cA1CC72f25437e189B632eB53aB014B,2.61E-05,0.00356993482233288,,,
0xc5A8fcB27F841B870B65332a4A6Df59d42383086,2.55E-05,0.00348493637418246,,,
0xBE7d7f11F44cE571E9D5bD2c6b806eB6fc3132D9,2.49E-05,0.00339993792603112,,,
0xc307b05992A71a9EA2CF20D6fe9EB4Cad7d10CB2,2.39E-05,0.00326450083831886,,,
0xC1e383DcB97BD975E95EC94E38c4748d5e6EE3E1,2.30E-05,0.00314494258157946,,,
0x28F849315219d8983E2Da59a83DafAB88432Ce35,2.30E-05,0.00314494258157910,,,
0x94FEFAA10D5bE6DA4e3F706668638ea4f438C4f6,2.30E-05,0.00314494258157898,,,
0x5eEE56F4B48cfb193C683Bd4678B46810A94AED8,1.74E-05,0.00237995654822195,,,
0x2592BC6706f51E550D36C2412769F36b2B8ACafE,1.74E-05,0.00237995654822195,,,
0xE10014d49a74dCB80930828bA7bf328cd02bF6Bc,1.68E-05,0.00229495810007309,,,
0xdFE23AB72a3EAf394B7B05f7DC2DaEd23a767788,1.68E-05,0.00229495810007120,,,
0xE08a79Cd49F1b9aB99fB47D489A8186a6f32AA96,1.62E-05,0.00220995965192045,,,
0xEA36AE4a44bF5FF747403aE9879c1a774dE09d2a,1.62E-05,0.00220995965191986,,,
0x70fc0F7D5FE9880cAeff72dF736103964a696B9F,1.56E-05,0.00212496120377040,,,
0x043052ffCB3c31fc0280e7FfEBDB48fA4DA19716,1.56E-05,0.00212496120376946,,,
0xBA8541AFDFE44fD162b287e992b5996234b4E04a,1.49E-05,0.00203996275561884,,,
0xb90a950e93C652847a55775c28Ac9D1f021Facad,1.49E-05,0.00203996275561812,,,
0x31E808931cCB9C330a5c9F33E3134f5d71C8e5e4,1.37E-05,0.00186996585931825,,,
0x2eC3BBD74F7D4EbC0e3255642CeADcd54551673A,1.31E-05,0.00178496741116690,,,
0x36F12Da92c05Ac7e266761999a0FE336c559BeB8,1.31E-05,0.00178496741116644,,,
0xeCBC0956040183e0dA140FBee6ba300B8914989C,1.24E-05,0.00169996896301556,,,
0xb377F94d917C787B0e87074a658AA7CF567C1998,1.24E-05,0.00169996896301556,,,
0xe59E4D226534A678F332da249211257D3286A53E,1.24E-05,0.00169996896301556,,,
0xE4E6b675C396d2A654C06FD645001C4B3834817D,1.18E-05,0.00161497051486610,,,
0x92C01D54A7268943Bab5991faA95a1Af2cCB320F,1.18E-05,0.00161497051486468,,,
0x7972c7d44569e462246e6691E9Da08b714F05512,1.12E-05,0.00152997206671476,,,
0xd088e2aF43C75856Ae111A56f849E1C8Be2f0864,1.12E-05,0.00152997206671476,,,
0x0c3533bD0747Bc9FFb52C471b5b09BbFf4C15879,1.12E-05,0.00152997206671382,,,
0x999Ba128d1456Ee2169638DDcCD4028D84193760,1.07E-05,0.00146739079170198,,,
0x3bB9891F7BE3731F3955965b84433bc3b94C08c8,1.06E-05,0.00144497361856342,,,
0xeE5032cd6E2F3E287B9e1Ac5Ff0611CB3B8D65a9,1.06E-05,0.00144497361856320,,,
0x0E0553B323D5cf5f4A03c6a43935Cd0bCB5E5102,1.06E-05,0.00144497361856294,,,
0x5A85F12080d4621862c6D0CdADF31bE9d14f1Cf3,9.96E-06,0.00135997517041302,,,
0xD046900e530a90319Fb438253A8e09c45484f2D2,9.33E-06,0.00127497672226215,,,
0x99216CAc9c8370CAD13Ff05c10F2ebd561162f1a,9.33E-06,0.00127497672226215,,,
0xd728444a5bc872840301754db31078eBB390fd81,8.09E-06,0.00110497982595994,,,
0x0F0e6bc377de8955F1230Eb02E709Ed11B5885b5,8.09E-06,0.00110497982595993,,,
0xe6F13CB0d69B84e99d8a83025FB38EA2d8E1d324,8.09E-06,0.00110497982595993,,,
0xD2e272E03843cc4b7C18ad329977699936BA40c7,7.47E-06,0.00101998137780953,,,
0x571e820C3e69AfCe1FB8b8eaE52f0a30A7f93EB5,7.47E-06,0.00101998137780953,,,
0x40fbA1F4f18ff7Df5CCa51fF416682eF82a87C7E,7.47E-06,0.00101998137780906,,,
0x20fCd1BCA8B112Dc0dD0bf0b44097fd8648b6e24,6.85E-06,0.00093498292965913,,,
0x7952bfD48001c6B627B3Bd993d2788cf00A30887,6.85E-06,0.00093498292965866,,,
0x0A84f6331A04988177A984B07B2E1759E063303A,6.22E-06,0.00084998448150875,,,
0xa6B8eB38410321B708142034e9A3b89a0D3cf6A1,6.22E-06,0.00084998448150875,,,
0x1679C34915A1F57867d98cC0F0c555ED261C534A,6.22E-06,0.00084998448150786,,,
0xcF9215Aa9360Ea49DA16b68C4515D0b1c6648C39,6.05E-06,0.00082569921060762,,,
0xb8d4eD26B2415FB8ee93aB8fd17cE490Ba0Bb3F5,4.98E-06,0.00067998758520651,,,
0xB3dC69a21F8c636F7d207AD740Cc6d0358618e78,4.36E-06,0.00059498913705564,,,
0x632234E6349E7ceed03eeF2BA8EDEeD6BA997837,4.36E-06,0.00059498913705564,,,
0xad409097ec49324aD67dc95BCFCb89C62DBDE9B8,4.36E-06,0.00059498913705564,,,
0x808939A951b0C20d356febf1aBE04aC9569BDED8,4.36E-06,0.00059498913705519,,,
0xa188aAc2b7e3ccF8167977d19a90B4395c854309,4.36E-06,0.00059498913705517,,,
0x1891a057fD6a8fD615D33a0f755881674dC5877d,4.36E-06,0.00059498913705472,,,
0x757cDD8E153FCFc1D2d17d27d7f451239Dca70A8,3.73E-06,0.00050999068890524,,,
0xBA4B8EA41120862e32907478e7bF19Ed7597298c,3.73E-06,0.00050999068890476,,,
0xbf87D8159b9D72F8e0Ab41aE67daa5C9586Ed2E2,3.73E-06,0.00050999068890476,,,
0x3E1BA5FBf8cA235dfE6cb60e8E2685789773200c,3.73E-06,0.00050999068890462,,,
0x3F30bAc21E74834Ba19A14ba1Bd438193a353bfb,3.73E-06,0.00050999068890429,,,
0xEBa34F1E7eB7ce11a4bFF44876267d1DB7230F58,3.11E-06,0.00042499224076805,,,
0xfbB75ad6BCBab5c87c1630da38109462f11Ec546,3.11E-06,0.00042499224075483,,,
0x00E95cB1CE8Fa5CBD8398e2cD23aEa89BcD3B7e6,3.11E-06,0.00042499224075389,,,
0x730661770d8023283250af8773D9B4708163E486,3.11E-06,0.00042499224075389,,,
0xc2703e4be7f497494AC465ebb17278fAC71A0Afc,2.67E-06,0.00036427906350337,,,
0x9AcE721A0861aba6e912342BBC6e3492c31f72ba,2.49E-06,0.00033999379260316,,,
0xF8d1A0807Af85b4179E08C245e7358b08D611D66,2.49E-06,0.00033999379260314,,,
0xAaf6C371739851bab9C4b6e6cFBD45B2BAd32155,2.49E-06,0.00033999379260314,,,
0x90F9f7503e7e22b6093fD96f7cB126480415BB56,2.41E-06,0.00032971925491471,,,
0x739d486C2c7E680D70B7C5205Ab8834A2Bd0D329,2.01E-06,0.00027461037094876,,,
0x2488d803a20A4F79868a7fb20ac5024a8685a4C2,2.01E-06,0.00027461037094876,,,
0xB7d47bde6707102E6a76eCB94637E637Cc7F33Cf,1.87E-06,0.00025499534445262,,,
0xbEA7802DDE89605ffF2d1aa61b721A2b1DA57034,1.33E-06,0.00018213953175170,,,
0xF5D28f12c1C16036035bc8B0997Be03f97Deaa47,1.24E-06,0.00016999689630175,,,
0x8f77404938161C6f956e2c569935cC5FCB3Ae452,6.22E-07,0.00008499844815136,,,
0xFE0f6e6F20EB22dD49aB28b672E3D29684AB6Ede,6.22E-07,0.00008499844815134,,,
0x49fD56971Ad196268FB26d9a46D6E2F3efA9ee9e,6.22E-07,0.00008499844815087,,,
0x04FadE42905e22803b31F6b0DF7bda1f5a7EA1dE,6.22E-07,0.00008499844815087,,,
0xa69Ec6A9c4f2416318cCe8d1FdDFe06ed97674c5,3.42E-07,0.00004670244403881,,,
0xC85990D3E3B898DB6Bc8516A82C7ca6534AA170F,5.13E-19,0.00000000000000007,,,
0x43Def40c4AF010961FE9B4a5eA233C7D8b6aa1FD,2.16E-19,0.00000000000000003,,,
