0x64100d29dE9653391bF57601EFf562284FC1a3f9,131130000000000000000
0xcC4cAe3bb8009233940E629f07A225a4Ab69B5Fa,118340000000000000000
0x5A7150F73b2203dd01cDeA5DC5B20E99DbE3639B,59180000000000000000
0x2743820b221339c89AD065aeDfDB5cC54f830dE7,52150000000000000000
0x50A3153A47e645Ac00cbaf35719C42568825F5F7,34330000000000000000
0x40323dA05a94e871D0B20d1ae29E373a7a3ea95d,30400000000000000000
0x517CDae9eB5e551FFF7a41cD94Df4a3BA64a6c0F,26720000000000000000
0x4493c6B2C5025Ce0875a28C8d03b3A0F01F49D59,25280000000000000000
0x70B08F3eE295A2fD6ee536B69C53019308A926db,23160000000000000000
0x746d09105a12D1Ca97BC631c43C29CCAe6510C9f,22910000000000000000
0x23Bf8AEDFEF7CDaB0B652785ECD74be3d607A673,21910000000000000000
0x99918c6454945819D60182Fcadd07319818D5e61,20430000000000000000
0xc6C0eda0b5a7757aB97AE9B44CCCB6ae6DF9C37C,18550000000000000000
0xe68dAF0de5152e155CFfE2B2d116b74E6CA5CcB3,17190000000000000000
0x55590758A2121b3ecB139bC94E5E1EAbDb341a29,15080000000000000000
0x3E69Be42dA97D3B0A6fcca9897E943dd052F7A86,15080000000000000000
0x6ad4a11A864eC24b209FbB9B0117422106a1b16a,14820000000000000000
0xea747a489343dfB974334c60ea42920a23245402,13150000000000000000
0x512bF8C80c7bEF18d53a33b496bbC5e700cAC1C7,12860000000000000000
0x5C8aECd779916cD69edf2682D6Cc07bB8eA54222,12110000000000000000
0x47d79F55a6a0cD2e87Fa4fB5E2dAe28ae33999cd,11870000000000000000
0x9C808ac41ca19Df10e9fF9e977B19A0F80c664fF,11300000000000000000
0x7e907826dc77d6e3f3B59701a43B1989348cE7dF,10100000000000000000
0xB4C0DAc39BcC664db68EBB70dfb2c3979669a28f,9760000000000000000
0xA460624Fd195e6D70Cc8C54e9877FcCeaEeFa94f,9540000000000000000
0x9e2012B7E4Cfc2e129A07e25B3E86d732f621962,9430000000000000000
0x1a84B7a862cC470bDad68A8D12F077D65293f406,9200000000000000000
0x806995a3bbE051e20612F736F1d69Eca46AD4B85,8930000000000000000
0x55c892f74742FE7815bC0ba1fcf7C73A23F4b008,8520000000000000000
0x044935732148a3b12A5d0eA2f50F991d77243f92,8500000000000000000
0xE3343d959B5a2c3Dcd94a50cD71135A3e9fEFc5F,8380000000000000000
0x28561d4f4FD2128133e3D11f623BB6d077ca8e3d,8120000000000000000
0xD5FbAB65AF74F8fEf605d5B7a1b63c2a13b69b8E,7900000000000000000
0x95Db7acE477feEEE9A753B85d799883C948c4a41,7760000000000000000
0x4b09fE28EBC1DCaf768a950B3e622778DBbE575C,7510000000000000000
0xbE736dccFb56056De666ab63A058A7F3234F4BD7,7050000000000000000
0x1FE3Fb2b0c065525Ac861A3d22331996285Ab2A2,6870000000000000000
0xB820BF517F6BC049556749BA93a08A04de965caE,6720000000000000000
0xB89c948e193F405067c6E380d2aA59387C28421F,6700000000000000000
0x5d87c78505bc446c1C88202e742554DcD5b617F5,6580000000000000000
0xee43344712cE18aB06868281C054C577E483eb18,6330000000000000000
0x6Ffc52bB801F641D0F7996D88Ce1984E9CB5b50e,6250000000000000000
0x985ca6F476E868a7EE656F3fbc83DD25D68D4307,5790000000000000000
0xDf05f34ea9Df6638CFC020762Ca8418e6636B86e,5760000000000000000
0xa45419eE84005c318282086f8761338518Bf2824,5220000000000000000
0xEa1521428B6DD7e1e785FBc02328AFA12f83C5E2,5130000000000000000
0xF57119364538b345eabF07c54bdfdB64Bd99c9e3,4930000000000000000
0xB3545269Db06F1A21Dca96A317F8EF828a4BAb19,4880000000000000000
0xA9f2f69A4d3a7cD8E3F74A938029D8E0483E7E35,4880000000000000000
0x8a0eebE9BE754Eb13d8cF93d1B728D78865577EA,4810000000000000000
0xd8ad1BF97d029916C6c0a3F42603555715594FC0,4780000000000000000
0x0539D92a1b2C4BEb4287060ED6971Bb1b764A8B4,4700000000000000000
0xC7c69E18BC1A1cc29dA1f85084BF9d25d2584848,4530000000000000000
0xa9160CB8afa248e1E19bF59B21D654A84eC025F3,4330000000000000000
0x21d3e325a7B9D21F0753E558A05b51b011807218,4050000000000000000
0xe63a73043690E65B55afD630A47aBab0E800bb47,4030000000000000000
0x21A6336b379cC6821be778084cDdF0ed724b9B17,4000000000000000000
0x560fb2dDcD982Ddb09Ca91c1d35153553FF29428,3960000000000000000
0x76f5bA5f92dDA578856f3f17E0A9782854ac4b0a,3940000000000000000
0x4e75AE3649b728e29Ed25c58B346c7Eb58525319,3880000000000000000
0x937120ecB7576BF60C79C2C68Ec32c6b489148fe,3870000000000000000
0x7FbcFb09262f854e6b4596FDc940c2c9a453Ddb7,3870000000000000000
0x3F6600049091A19980d4Bd12a51904FBf553e9c9,3830000000000000000
0x9361C02a2a48D2E18CA7B12b262dc8c71AfFA1FA,3820000000000000000
0x2d340351Aa0f1DD2B8e1929EdB4fa328Ec261a6b,3820000000000000000
0xFd9F3a0eac7f06ddD8f579B9CFfdF6dEF86da3a9,3760000000000000000
0x934cC16F2c7dfc0816e087d1C1A0647C9AB0694c,3730000000000000000
0xdC70EFd960FC3B5EE3a1176395C07635E5839DE9,3640000000000000000
0x0a26CeB53F2Dac1127c9E8d9E6920600781dBa63,3480000000000000000
0xd8620Dc15Eb659A63c26aF5A45Dcf4830D243993,3470000000000000000
0xa5Bc67ab4FEA22385103c722254A9f29fC71bb9B,3470000000000000000
0xEB26906094d5cAb844F7cfC63ED0f0C78f8B47ea,3410000000000000000
0xD02425fF609f1B46F5E4b92250d537e0B0083A0a,3260000000000000000
0x216eEae7B9845994F19447DF6ac530EE767ced22,3140000000000000000
0x79FcD0BB9e1f344157F20f0Ed0cf3F228B848B53,3060000000000000000
0xDA1E7aaed3535e6981EdB77DE1E0D586501647f0,3030000000000000000
0x810Ba41B703FbD1c846c6f6535A98B37f550fE6A,3030000000000000000
0xe3408b29fBeCafA5E9f1f375c1ACeAAE9b82e620,2960000000000000000
0x3C6386e7ED61c5e0AFCA304CC8a6eD0F349F7EEF,2860000000000000000
0x8f82365f4D754B877440EAa900E3B7cD9E218a32,2760000000000000000
0x370426841EFe4A3b02eb4EaBE245c85029da6595,2710000000000000000
0x8548453d606254000b38e7E86F959Cd428612093,2670000000000000000
0x8529f0F07c67A983b9308393D2f359272b8CFe36,2660000000000000000
0xb7D7F7Ed787a950080721E872Ddf2F9F38c13343,2550000000000000000
0x84Ef8eA33A39Da66839d7532bF11794355277634,2510000000000000000
0x0D8C40Ab2F2a67DF76892Ec15A368dE297f5A6d7,2490000000000000000
0xE37339fF9d20d33faA88A15d2404216476defBfc,2490000000000000000
0xa13D24d265EFbd84c993e525A210458CE15081b9,2470000000000000000
0xa25b733C29CC7f8A7B814F6b3e9eCA53Bb25100D,2440000000000000000
0x3bD80cE689C80CCC55eCBe252ae8ce4181Ba3BBB,2440000000000000000
0xE5A16B2FC07c3F7B0eb28A0812C9b5955c68Ba02,2390000000000000000
0x417289c75FB862563d6CdA1e5243BAB1E26776CB,2380000000000000000
0xD60EbDb4913486fBe596793380BD44b297f25D44,2360000000000000000
0x437493d7Cb4B6cD20fe502399B9ad7bCbb9a83FE,2350000000000000000
0x877505844e5d9E3Af700AE8f5f6e29EC9FC0215a,2340000000000000000
0x61d85A78269f538DAB42a8C63F90e809D8E2AF58,2340000000000000000
0xfE8cE3f409523fC5B99Fc7Fc1Bde6215Efe3f48B,2340000000000000000
0x69574f6C1e7527E46e02481fFa9F396a020102E6,2320000000000000000
0x573fb6050Ad4A05796A18Ff3ca3Aa3eA6065Ba97,2290000000000000000
0x3377716bEde2037626839f17b919d32DCb028174,2280000000000000000
0x48A56A44250cE2152e2311C5418c7B80024678bE,2270000000000000000
0xabade4a08E23C5F1190aAA67486E96000cF98799,2240000000000000000
0x943fe5e7b0cC5c25422F6f4fC97c5a840C65EC8F,2210000000000000000
0x1C9595480936495A44b5E501036FCF3C68829F41,2180000000000000000
0x839e0cc23231d70973B09493ccC7e25c9814fCbA,2170000000000000000
0x7Cd94AF8fD3e58E02A4DCb0BCCbF05288F089D0B,2120000000000000000
0x8a9e37ca172b3DFB857A9375078AFD233B23E7cF,2080000000000000000
0xCd176d0e48e000B4e9CA475f277584FaA2DE5195,2040000000000000000
0x64B7ad6B5Da0cfE0A102f5C654CAC3551aE9ed6d,2000000000000000000
0x956642E471D5DA741b34aBB14d1B74b46583cD80,2000000000000000000
0x33A6FF72C7B2B98731B62b9bff290E46A456C0b7,1990000000000000000
0x0892f198e82af563C13D8234D329dE30D8870cf8,1980000000000000000
0xF9d2d6bdb8485112BC2389Cd80c1641637C012Cc,1980000000000000000
0xf85052eCab627f39D17054cF1CfD8829Ec2d4238,1950000000000000000
0x610bF561Ce67CD3Ed750B9AA35772A0615EcaBE6,1940000000000000000
0xDcC444555972A7aDEa2Fc9d95126925880449a83,1940000000000000000
0x1b68968e4863E2D4A839e2C3D7432234AA6FDbB6,1900000000000000000
0x593225F0316c07316d74A46FfE34892baf4F452d,1890000000000000000
0x2AD887c96ef253a9514F7C9282bc9B75Bec80183,1830000000000000000
0x2ac8d69C605E029D9a506A8dB40a1D4FE5A54A3B,1800000000000000000
0xC103a34279Af299450eABD7e03f06f7dc399AaA6,1790000000000000000
0xC2f77a505545798ED01c9304fa5A0abD4799F24A,1780000000000000000
0xFFaD72cF9dd0669d71EE92252A1b93DFd5C02B91,1740000000000000000
0xBb1fBEB2b23374a77383c762Ff9e1bA1f4cc6Ddd,1730000000000000000
0x4A93Ed5e548887932E37d2BC7010cb43abdbfF6c,1710000000000000000
0xfA12C3EF05eF3D99d1Be8E48d4e3f1bFb80Bf773,1690000000000000000
0x89C4984c0A332964e5aCc0a3fa875db56FcA91B7,1680000000000000000
0x2B77aFc4b79ED9e7b4C51623E79bF6bDC2712568,1660000000000000000
0x06e7aF599bBBd7dCC303353427Ce94259FF17d9D,1650000000000000000
0xe56bbB2D1A3C77dBfEca02361e154F5a6df4D874,1640000000000000000
0xA07D9F33f39251a9c40fd32C9E864136cD309688,1630000000000000000
0xdF2120120a77591353EB24c25E6d78Fa64ef2965,1620000000000000000
0x9F86444Cf2964403A3fA616385917a420FD4726C,1620000000000000000
0xCf8D296A0ccB2Fd621f9a77c4f793268433De50B,1620000000000000000
0x1Ce8553d3226435a1Ae8F0774eA5E353f287992A,1610000000000000000
0xBC9b8352B3D79E472Ef0428b9AA138eD5277020c,1600000000000000000
0xdAa4dABEC8626C537F59a6073bD35FB0A1290350,1540000000000000000
0x7C13f4F0fD985206709518f23EC0D431c28cc73d,1540000000000000000
0x20faF1A122F01df89a0aBAB805d1E7Ca84eB383f,1530000000000000000
0x298adcEE9F52527fE7F6CBeaa2fBbfDAfC2ec4BA,1530000000000000000
0xb271707A81e47123d56bcE12F65FD5c191a74F18,1530000000000000000
0x962881442e8759aF3a78A7F7238a38824bdbE0EE,1500000000000000000
0xB7d110d7EfecD5DE35386c09C933aF6f93B65130,1490000000000000000
0xD888D795be68AaA3747790E23894224960168E52,1410000000000000000
0x9Cc6b6329C32b8968c58d21Ee6be5e824D6F31B0,1400000000000000000
0xc54E07101C420b027c67723386FADe527a62CB41,1370000000000000000
0x16fcc3F4350F8Ff2a399116B54C1559010ECDc8e,1370000000000000000
0x5D6028a8431bE0E29d0932F4Ae15BCc9869145b4,1360000000000000000
0x14b3AFFF975A2564859b9e27D8CC3c27B844D51A,1360000000000000000
0x68242cfeDA40Ff286b045D388f4c5859713027AE,1360000000000000000
0x1568e338F58D68a1D00C0f91a79c07Bb8267F724,1350000000000000000
0x01df689F929b1F3e97fF84128bFE298bE35bB6ac,1350000000000000000
0x07895F6Fff3e75275e9eAC72143E700B2C7e16AF,1310000000000000000
0x9850041A68eE4BD2eE202aa19948fA7016B57649,1310000000000000000
0x7BB2626c280c89f9D7f8AfB58Fb963F038B78a38,1300000000000000000
0xc6104643b44D51c04Ed3ca2785A00DF67CEAc2C8,1290000000000000000
0xc0b8F2F48753FdCa2b8f599342e74d13f7501D0E,1270000000000000000
0xB76b3d3087C8A90351C3db2d6e50D053305BFF6f,1250000000000000000
0xE69D5906E7604e5860eAA78B78e02BC281B89DE0,1230000000000000000
0x041331231C6727403ADA5AeE33b8988D5063fC76,1210000000000000000
0xAd137EA85bC2B07fd8999D4004cF9D4a535596da,1210000000000000000
0x8AB8B89CDdF845e8545E3d0902034E4EE95176Af,1200000000000000000
0xf34e8a57f6fBD74235dCF35FE59B476f382B5E13,1170000000000000000
0xAD64018960b6c37AFd70B3331ebB3615357fAA5B,1170000000000000000
0x550568b56c663080216a3f416eFf677f8E17dFC8,1160000000000000000
0x95c7Ec6e3d533089bE2006f43d5e3F9aC5B30913,1150000000000000000
0xE1E22647c2612a5F8fF1A713438C0afb1e236e66,1140000000000000000
0x0386969D3aC82C628e08A2Fcc78CFa6D6a20C6cb,1140000000000000000
0x6F73B0A5ad06a30964724097CD8104B67F6255e9,1130000000000000000
0xa27E4e46ADA308ba04c1EC44Db378d11F3B0c621,1120000000000000000
0x4CB6bdD49372E998b1DbFaB47ad78Bfa9d15CaD1,1030000000000000000
0xC456dd0c2bc19f3Fb4D3B3cE254a9E01f82268b3,1010000000000000000
0x34E40248a9bDAd655ca35836A7528d6A420eeB48,1000000000000000000
0xaf79A0E5F35F2A6D86e9EbfDb3738D06B32Ea9a6,990000000000000000
0x7987bF5358b8a81Bee9c82F8312Bd1Fcb28f19c7,980000000000000000
0x2b9798745734E81C3060871045F8c7a3c8Eb2caB,950000000000000000
0x27a271b2A0C4Dd653D417c0d53a9a8661A0dc2F6,950000000000000000
0x383a6B5e4B5d087CDa42eCaCd17484cD2343cF46,950000000000000000
0x0ADE406d1d176AF35A068A940487cc3F1dD97D95,940000000000000000
0xD8DEa8e9d8de33Da7AC994805DEF05FEdB725435,910000000000000000
0xE324635F3FA5a47647a3381310e11dbe867eEc09,910000000000000000
0x2a8fA7e67FE1857D6F50a4A4dAD6D552DEf32681,910000000000000000
0x9e12800Fc54fcE0a8424063622Ce5fCb9fe53168,900000000000000000
0x74420d7eBDC8ac832B93f3688f50c3dD273f3c3f,890000000000000000
0xa8bFa0477F89F40E567Cb3d9FB1C3CBf05E7B5dA,890000000000000000
0xd767e71ce07005b80090a973f28484224f2ad498,890000000000000000
0xB0D39460bA68b261D4b3c4F84F94Cbb88eFBcCe8,880000000000000000
0x87a9a4DcBf29e782f102Ba04E2252D09DC9b4290,870000000000000000
0xC3465E9905a49af75DAf08c6B34B97fa4DB00747,860000000000000000
0xE9B6C47fe3bF3dC0A237C1b0A2A7D47Ccb3A45Ed,860000000000000000
0xA6eB571C2B98F0d1BC09f0fbEE2ABde04B99d983,860000000000000000
0xc40a1Eb011519b0c742C71f82a4F9eb4e3D7e387,850000000000000000
0x15483BAfB9E57C2778E456886617f86f6aDdA1c1,840000000000000000
0x483e3583854E9A16d3412AE3cC3102cDbF2A7D15,840000000000000000
0xbB3a1011E40521569bcdf62665b11d1dFBbbA4b3,830000000000000000
0x66b91b7Cd979eF8f541e00EA0Db1e2b27aA5c0db,830000000000000000
0x0b15C77d8E7b7e7c2D7A03160DCdA2B1bAcE9539,820000000000000000
0xA5A73B1B3113e31F704633674BCfE091565e8B13,810000000000000000
0x80f4F53Aab2a2Ee0671486615c5cf0aE97b6ee19,810000000000000000
0xc02Bc8bFdFd88BAf0c1DA8861a88567Ccc4e9c14,810000000000000000
0x8c6Dc476fEde4BB053544aD362165183dEB92a46,780000000000000000
0x0c6C465Df548F70F22fCF19EB3ac09882f8FE6f5,770000000000000000
0xCAc1c83543d583A195ba976e5227C39C0719069e,770000000000000000
0xF9DB92f4743fEd7174a975EA408482034744DB02,770000000000000000
0x5b7D41e6bbba99ABC14172dD51F7De94c5c2a961,770000000000000000
0xA5EB796229cD3ACaf629E16eBd6D09B538CC916D,760000000000000000
0x3Ec6Be919b04e62132312077A3bb88f54DB2Dc2d,740000000000000000
0x5f2400508be1C9f298da3624519611fBe26e2AD5,740000000000000000
0x43EcD5dF5698184E3C04B1BA86946923f525F6De,720000000000000000
0xb56413EF1F109FBD972544A1a5748874DBA995D1,710000000000000000
0x6AE3af6Fd52565874D694AC83a0c6Abf315dd5Eb,710000000000000000
0xEA6B27DeD1bCA543e37ac8e1682d5F3651F4f399,700000000000000000
0x97A9229e2ea92C5e879cfa415D4476fAe195822e,690000000000000000
0x59eE0fFFDe3E800FAeBdb65C95ac4b2bbf57357E,690000000000000000
0x366E79a898439D53EA00b4c9C8f3C12C632C36B6,670000000000000000
0x6440bb3c03B6eA1009543E7A3Fd98bE5bAc41200,670000000000000000
0x32222dFd093478c109c2E0F25add7cA87466C5E7,670000000000000000
0x87BdfB5FB9e23489aDf9B0e9eee04Bdb65e795FD,670000000000000000
0xC93CA2c4481F97590CFEC17eE9B7c6B4bCfA2b02,660000000000000000
0x82A7C3ddb16D5A0B38a53c9E496aE683fb62734E,660000000000000000
0xBFDbca3D3a3Eb096Ae210518b34579c419701f1D,660000000000000000
0x21CBe31780B5c90bDddcf171323f7f44aBf27246,650000000000000000
0x70811E854Bf64bddcB3A389133C31ee06c50D4EB,650000000000000000
0x3828EC2df8545Bfbda7B3B3b6B91ED18b2419133,650000000000000000
0x762627E89392eC010c921E421abCA7BC12bA2F79,650000000000000000
0x6e7Bf660762F7A808b78B69C83396B1E43C91F04,640000000000000000
0xd113AE8d3B0a00405aA548b1d1b66fD78B5c1d6e,640000000000000000
0xDfE147D8065dDe5F872C8EB671e9074bD02385D3,630000000000000000
0xA76C72067259436B17836aF836a612C904Ecf609,620000000000000000
0x64D1CF1155fAe6F90270e69B31a5250B48C30Ab7,620000000000000000
0x605F51a70475b8AB06BEAFc2D80B0a1B39ADcBc8,620000000000000000
0xe823612f44328C6Ef7bE7Fe3eDDFC62CE4880442,620000000000000000
0x5DD4642d79bfc5Af548A3AD2daeae8e6B5F908aC,610000000000000000
0xe92c938736Fb95bF840910a558908Ed13dB1dAFa,610000000000000000
0x19caBDF35ea1a6b9eeE4eBA93BDf5ce0b74f9A1B,610000000000000000
0xe9708744c3b9E0E8603cd0D68a917Db3b39dFbF4,600000000000000000
0xE9ee168689f36FC4E63669BBDb5C47D696A3dbCa,590000000000000000
0x134E779ff19ff14941e459D465f136B9B64EB23A,590000000000000000
0xC31c980aa47F839a3fE3bBecFA05746b731075c4,590000000000000000
0x1AC0f1F4E4e38c7841849B5Fb9cE1f719a3B654D,590000000000000000
0xF61B983E60Bdfc41C723F1eF354691773D06A953,590000000000000000
0x35f489Ca51B142A62210EC31Def0609d80F1259f,580000000000000000
0xd1CeA29106DaEC468451F1f2baA8272372397F1C,580000000000000000
0xbdcf0250C1148183e8CA0A53d390cF53035c1b8E,580000000000000000
0x08323b60f1506587f5ec37acE3dF165d18b1eD83,580000000000000000
0x2c2D8b2625FcBac2268Ee283C905b579c1e65Bce,570000000000000000
0x24E64Ff0AD155a06E4ED9343Cd26ab8fC5479dF3,570000000000000000
0x42d49141dD31E56cF9619dB6FEDE21229cf4d873,570000000000000000
0x114435C40d4d2FFD73570640805d4A0b59084944,570000000000000000
0x37C6B8503551a925C43683008E8F849Fa178BAC7,560000000000000000
0xF68acC27f3F466e3d8Ef4A7F3adAEa2f8D1E697c,560000000000000000
0x7B6325115E42EaBAbA3b8501EB1C49C6800fba0E,560000000000000000
0x24bB50A2B2588097Aa66e1682A53b5d860F27fa6,550000000000000000
0x4CdB6060011e28c6cC709CE432c5762Ff30C5f47,550000000000000000
0x99918a2C6C833A1BF72B6794aB9F2BD2f03665b1,550000000000000000
0x21f4572a2bb5980dfC50c04ae074eCc5BE10318A,540000000000000000
0xddd1d535272B83aFF88e544e4E5a5F6a0A7b4161,540000000000000000
0x24c436a68be323448f0004ABedD17106BA250cAf,540000000000000000
0xbe49B996d041F63058EF2e2016c483c3025dD172,540000000000000000
0x7522344f52d503fD1B214B5D3d3497133E8CB789,530000000000000000
0xeB32eDC9785A5f2c5A8e3aeb3e7841Ff696d28f1,530000000000000000
0x04947ba85A3Bb522324914F9dfDDE71f93E15Fd2,530000000000000000
0x9955C8dA5a13Ac5B3C883b9B79187c38179e8A4D,520000000000000000
0x14855ec256e1b9526ceeC02EF46C501Eec48Cace,520000000000000000
0xe97271222d7636ec04299E8606329288162b7744,520000000000000000
0xd47c07C59fbECa10400d0A5E2d0E7b22953949c8,510000000000000000
0x4003D860C0F201EcA333BC42D1EeA5e1696930fe,510000000000000000
0x7f42500dfec0Ea3f86DDB8CC46bE4da028BB42c1,510000000000000000
0xB7CcfFE2aB9535E446eD98720Fe9d8300B57a478,500000000000000000
0x43F44d1A17234883cD828463b929f55b597f9d1E,500000000000000000
0x0A2449cb6b4d643c521936fce08Eb6747e936d57,500000000000000000
0x28DEA534FcFd158758ca13D39Ac0e924193F8fc1,500000000000000000
0xeC8990f9FAbF5C2eb13422578ed402002F011174,500000000000000000
0x6986D3d8860Ec43eE13746270cF32a3001ff9591,500000000000000000
0xf59E927E4cF3d84acb808b3B8de6be7F2c67f215,490000000000000000
0x4c0dF2B8D3c05E29Cf29c763A17fd43a0536E487,490000000000000000
0x6fbEB648BbD08F59A225B034026F73Dff9DaD1C6,480000000000000000
0x026EDF04a10D2319655C878Db5Cda9bD68840eb5,480000000000000000
0x2c108A7e4B93C752029d8c2F1Ce170dF433c1380,480000000000000000
0xeD2bC3972FCEd27b9BccbE010cf015586387Cb1a,480000000000000000
0xA769Af748f5845f769c3D465ae798a7aaE871D32,480000000000000000
0x404C18dFA01D0b828b97b8Bd3C386763777381A1,470000000000000000
0x9429cA4A4965C5598443B0E5eff87cE38ded86E1,470000000000000000
0x4cEcE1bc6D592c02C9e6fE0464842B4849119288,470000000000000000
0x059d583f70A953e86B7416CA1a4487A6c05b3176,460000000000000000
0xa83Aa5fA547f5bf832Eaa57ccb18Fc27C3929419,460000000000000000
0x974E38164B58f344098E865E981d8a33697FFB32,460000000000000000
0xf0F8f6Db8cc930Cd7a0f4f634c5cb3CA6d42a534,460000000000000000
0x5Bc0288b62359D7852aE6BA340499A1fCa46cF91,450000000000000000
0xA02c6af3ae1A67Cb566cfD8c56C65ffee38D9A6f,450000000000000000
0x23F14179CA4e0b6AdfbA0d872fAb81C257DC3a7E,450000000000000000
0x6F269F89F736cAaBC0e81F4b66C0819fc7284b29,450000000000000000
0xAcb22b1842adC500E741298d3F62e294760cd09E,440000000000000000
0x00Fb5E59d6Cd6ddae34b0e4B49dd31ec5FC7eD77,440000000000000000
0x24841d2840007eE6c11003B1de8E207A1ADC20AF,440000000000000000
0xf8E580D0A1de43dD302E01e8317D8B67a5C50fD9,430000000000000000
0x126C604a929E75a52BC216917378Dc790CD9E043,430000000000000000
0xF69b4D29000Fa63849B76f93f826400AaB06145C,420000000000000000
0x4723e2907E42088dEA70a013A0b37b0ef3AAbB0B,420000000000000000
0x9f29830FBF581de8A53b2012532e0737B0ffa529,420000000000000000
0x9156EE7609398E8fBC73472f1aC7609B84E276F5,420000000000000000
0x850eD89D921fd18A4870bbE5ae889932e6c8fFaf,410000000000000000
0x2D023D7CCbA50d611aAF7A49db2DFBa2b82c4d36,410000000000000000
0x7305a87B5cDC9fDF632aD435F660D65028dDb575,410000000000000000
0x7FC5A6ADAa671D7B1ed5DfAd4DEB43effA93DEba,400000000000000000
0xfC9da8dFdd89383Ad0d6a5887138FE630f201c61,400000000000000000
0x121433d64a5DC1F4E24204Ab1E61a511D51631b5,390000000000000000
0x06f01672F9526A28035AD2E9AE34dFA13d3B0fd9,390000000000000000
0x72435bc819feA1F28eC50a68da0850459273AC0B,380000000000000000
0x23146C469B5e49fC7D14945496c4Ee958500bb2b,380000000000000000
0x22F8DBdD4744f812551Eda7a5afE6f7559cB6Ee0,380000000000000000
0x843D759CBc0B933A90177e8639bf0c6c115f4AB5,380000000000000000
0x69C4992d688f25e225340896dfA3aF6465083892,380000000000000000
0x6e2056C01553F85c916890f12bbC7988019A3195,380000000000000000
0x62A4F93D81C5A54468B093866979Cdd1d2B097E9,380000000000000000
0x822188d984f4005002596ab1Cb178561BAbb7831,380000000000000000
0xF346EbCBA7fe82BebD25f1eFbC009dC657178817,380000000000000000
0x09A693ED33a6B4Ad895025dF5C174510cBfE929c,370000000000000000
0xF0Efb17fbD76a6F3B5A87004fe679Ec285c50a9B,370000000000000000
0x3efE09cEa03Dd2CE4a7340771e90cb84bF4E7097,370000000000000000
0x28f066A183a8fDB0729E943A167DCf3d810C880b,370000000000000000
0xCa42442258b9E9994Ec9EDe50b70bf1b3bAA491E,370000000000000000
0x59C66Bd733e4235814a20fa9E1Ba80eCA70A30c6,370000000000000000
0xBBd658Bcf0A51b073E333e47C8989dafF7F7c5EB,360000000000000000
0x2aFE2c6b1f2Bd735d287824E72f6f0c0dd753a3b,360000000000000000
0x7dADde7044B7404Fde2307671c1dc1ff992F66b8,350000000000000000
0xEF02178af2b11795030b7f60c71c2e786c4Ed42F,350000000000000000
0x69B624370c13C275747f829284EA2e3c13930b90,350000000000000000
0x9faCc00fE3f46d5005DA7ebC3B23FCC66EA50ADF,350000000000000000
0xEef41fC2551006eBb37D15a417F9b6c2379c1Cbc,350000000000000000
0xF3cBaaFB4A1919ddD0479aDBF11902D3Fad4A9C5,350000000000000000
0x1d76726909565e00866A218672509DB553C8bFe6,350000000000000000
0xd8203EDe84aBCFf7ddcbd11Ede7999d04754bD2C,340000000000000000
0xCAB5Fda300d2E5FCb3fa03Fe960DFDE4D800C741,340000000000000000
0x559620cdE492d431bf2Aa81bB7113fD1590b422C,340000000000000000
0xDCC999DC521219Df163C03Bb8C4A3cE6B8bA59BE,340000000000000000
0xb43862CDC00bfEF7cA9e7447A017aF8f230a9BC3,340000000000000000
0xbc1D07491BC535D27a2302c6c467C1FEED1CC828,340000000000000000
0xcC289a451e5F39fC8a188B9c7A2D0C6217eEed2d,330000000000000000
0xa9aa0a3CbD67845C7CDe12756817D409C157Cade,330000000000000000
0xcC1204A11cBC0bb6f2d6A0Ad0fF2761AAC7b6b43,330000000000000000
0x64C46f66D16Cd2628e733BD6b4ff30E5AF9B7e57,330000000000000000
0xa8F1c6e522981945F60B70DAb9F23da272dF0Fa2,320000000000000000
0x275dc748dd9dd349d8A788B3337C832194C455f8,320000000000000000
0xf5C0c48C34c6c143f5473B1A5d17E512987eDfBe,320000000000000000
0x0dA62fE23CE0b03548ECcd977d0C741b663393da,320000000000000000
0x55154Ec17aF0346ee3Edfd5030b848656E02F0e9,320000000000000000
0x6905B6f781059F1ea9F1be5d0375d3fcF30f373A,320000000000000000
0x14475Ee2060a984dC1E12eD6D88ADB60769f42D4,320000000000000000
0x5E6ba2CebfdC2Ee90d0bac97BF299ea342604A1A,320000000000000000
0x41E6621d0962A8720311b2088d7f234f01E207f8,320000000000000000
0x37fc58fc96990f454781771fe6358CAd35bd3556,320000000000000000
0x4Feff2C7809f9a91C4016894c66f03D6d0bde2ba,320000000000000000
0x6013b65DCE6859926378d866B5FB3DF80397997b,320000000000000000
0x63b87F927a52A281FE5E41a7A092e7de3eF22656,310000000000000000
0xC8f51399b00e53c46FdD705f0088B9Ae792CA506,310000000000000000
0xe04452166d16684Ba6F2A486dC44529a7f47eC90,310000000000000000
0x48F5148668fa4A887C29F93b21D123701AA3c63c,310000000000000000
0x5C32Fd642a21C0f2B4F43Dd75B625A2200f4F5FE,310000000000000000
0xA8610166298e9087e7E5eefE173870A378345a1C,310000000000000000
0x5afC7FecDbC71F331d154d5783bB188A47EC1b7F,310000000000000000
0xCDF8C09cC070078aA886bCBa34675E4655cf158e,310000000000000000
0xa868906a05951Fde74f5E1fB3670690B79Bd5FB8,300000000000000000
0x72F4deA1203A245BDa6Ca9f1C1F394Fd4498b72d,300000000000000000
0x94adEa69D3aB3a8022f477F0CeB3301Ed282399a,300000000000000000
0xd3107802DeD7A90E98ec64e5207d5A4D6Edee796,300000000000000000
0x41306aD0D5C774b51Ad41C50a652C8423a6C124c,290000000000000000
0x3bB9891F7BE3731F3955965b84433bc3b94C08c8,290000000000000000
0x8a4934d0fa880B6b22D9B507bEBBF2149b716eAA,290000000000000000
0x3779679695bF963A24F10D5B17B34D5E8cCFf9C6,290000000000000000
0x869e0185D71cC1BA6e7eA7277d6c4AA75933b665,280000000000000000
0x8A472fD33A67B4d73DAC4c443496A2cDa9652bfF,280000000000000000
0x04bF0Fe175E23e3E4474712040f8EEBbf0484100,280000000000000000
0x594b3D5ab240E1A9bD7FFD23De7dc26B93Ffb54D,280000000000000000
0x3C6655112969E41548865CC8e3915a10efEc88CB,280000000000000000
0x482028dd98cd0253F280d1f992313f09A23bc0f3,280000000000000000
0xdE2529889cd29B99CF7B60c18632832337d58205,280000000000000000
0xA3295B9BFB4db030121442d56194864b24dd97f9,280000000000000000
0x50DA63BEff3c8846Cf41805FEB91e8753e07c689,280000000000000000
0x6B4aaE6b8B19cEc44d343681404797793941F102,280000000000000000
0xAcfD998a5A6C0B1217ae8b18Ad1a3Ba96b820B8B,280000000000000000
0x34Af87b473815fa8f5DcDcaA5D1b32F6974deeE1,280000000000000000
0x805D79C9432e85B6B27a52dF429e47a82F43864A,270000000000000000
0x374B0ef6eAD65a9d91B7778895fB12a6ED9B4C7A,270000000000000000
0x374C2B0aBbefacC414E0Eaf118AA87691fcFf137,270000000000000000
0xA688937299999548fa8F032141AD70BC988CE336,260000000000000000
0x96265f8b2A9Eb9a0F936E7a9D2A76053900bf385,260000000000000000
0xf334BC34C8DC27C20bE7365378E1491E0AC0772D,260000000000000000
0x1bB1207A5dd6D55026C65344820e3764301bB3F9,260000000000000000
0x43b7dBA9118679ab0a0c95415179A89B7Ad883cB,260000000000000000
0x9ca6893AbA3E8d73CB5B1644FA3dCd3be4f5151C,260000000000000000
0x1d43b76e1B9B6C8E8694909462eF283C600CA856,260000000000000000
0x902402569DFdBd2E7Ca3D48a6447d7ED200E6d39,260000000000000000
0x4E0D8BEFee93856fA970b8fCB008991BdE8873f0,250000000000000000
0x45b44C0AecbD8CF842b83e05125c585477278f69,250000000000000000
0xE9A2677B8F7F80FF47b21bc913bb607Ba365e870,250000000000000000
0x50193CF6d3D4254820c7D345659c111a24E61F5a,250000000000000000
0x6D987766D1c268694c88D243D0B7a34107A28577,250000000000000000
0x73F394AC7E9F773Dc71F69494Dc59D790E3E0cc8,250000000000000000
0xF4E018F53fe0DF2958688dC808c50dF5aA29Ce57,250000000000000000
0x6a16803A386860f382c24a09DC961DDf1846002b,250000000000000000
0x82aEBA60944da5dCEF7bbA9D46c3b7e344f1aeD5,240000000000000000
0x45511Fce841b6D4Ee3c8F97355a4c37f0412E24c,240000000000000000
0xca270c8F47Bd3284698847C409d2B93d9089b81E,230000000000000000
0x2543Eee070cCAC317AEB338647edb946e7D54247,230000000000000000
0xaD7909f6F41288301312Da724B4a9424eBf46396,230000000000000000
0x3fCf8bA29dDEb5A047bb9F68B3Bf2C9299b7e35A,230000000000000000
0xB2e8254000BA244cd7C703141c4dc1c3C4b10C7f,230000000000000000
0x80c80d35B3D15E31aED3311acd151676DbE87D7d,230000000000000000
0xf0aAf89664bd0Ae74eDd876979DE28989C9d797b,230000000000000000
0xC17b61a8bFB47734200f7E068CaABE4085128a16,230000000000000000
0xae2e3762368EFF4ffE19bC56b01f99AE43c4073f,230000000000000000
0x56FbAb60dBd200ADE1F5616F119c88D4533D2168,230000000000000000
0x27F2eACc011ecA4165eb7d44815238A03DC768b5,220000000000000000
0xAa89C8A7ef0c9BC28850fb29d2edba309d9a0158,220000000000000000
0xD805FB2B22935656Aab6033F8f311DA9D2cAc233,220000000000000000
0xbf9ca80AEbB99FAc481641a8D84B5c8Aa5fCea39,220000000000000000
0xc579875BEac59462C9898514deC8370719b83389,220000000000000000
0x00cD8d5E72aEc1A2Ea687E1CcfA5c11e89b7992A,220000000000000000
0x50487F98B94e2A303A003B18249ce8C27f088ef5,220000000000000000
0xF8d1A0807Af85b4179E08C245e7358b08D611D66,220000000000000000
0x765314EEEb36FbF14DBd039f2dBC37E1bCE39258,210000000000000000
0x526749BE8515c7537E402f65035B2aAe99277951,210000000000000000
0x9F04796758aFB36C2b028BD6a41C7DcF3c19d52e,200000000000000000
0xC3fC4fCF6A6cceD3325D7683aCe5A8Fde1A0F6a6,200000000000000000
0x1342382667Ae3aA6e35Bf82ac20196E4A25549cE,200000000000000000
0x6dd3D8EC764838330579756fa5FFaE06Bd057240,200000000000000000
0x2aF0AcE73a238Fb7A63475fFEf6d6F7C44148ACb,200000000000000000
0xDB98f2E495d018372179105AE47BcA2De36AEC18,200000000000000000
0x6aC10a156CfbD58B079395bD3E99141d69Ea6928,200000000000000000
0x29eB6114f6544d5F2ac105bE5c06D3Fd03eE353f,200000000000000000
0x1E958FC83cCb606837FBDff3984201426546b071,200000000000000000
0x115649E42fF931Ee0ED50672F9f99891bAAb01e3,190000000000000000
0x9bc74EE60fa73C2AC47D53F6f99b56375724abb4,190000000000000000
0xcCB03f8cB3b16582c013A9C9732c11a64C70cC9a,190000000000000000
0xFcC50e02999CD26659BBaE72332FAE2A62a994EC,190000000000000000
0xaB56791F3555fe460B0bA93665a1ba8D9Ba38a5c,190000000000000000
0xdA62542F06f97636244cD606FdA80906D5A6985A,190000000000000000
0x31a1d9B2274534C394dB8096ce9998c7F2bB0677,190000000000000000
0x45bDdCa44d3a2827B76011c33298a3d668a5136E,190000000000000000
0xC16591cBF52B4aa3D4101496D54473f38D3e2eFC,190000000000000000
0x941b603779414d482C7ce00E15db1835aa9A0e76,190000000000000000
0x43578b59F18e76eaB6ffC57f679a966747d80076,190000000000000000
0x670201f07724bB4b9a5b8aE118e58EAEcfD9F503,180000000000000000
0x9675acCDbeEb717F147dFc1d8Adb3a4fc72d226f,180000000000000000
0x57690F2f5310f1C941C46E021967075DA1353C1f,180000000000000000
0x6bb4c01cc2430875751A5ddE0A466D987c0F1365,180000000000000000
0xdf7D9A5E684960260F115f39406e5eEFa7F7470a,180000000000000000
0x0c0512Be9E4B48989F8025780e1144e92b5dAc1E,180000000000000000
0xe3b574D6F2B0e40dFe06AFb0E082c9d56BA98Ed8,180000000000000000
0xBE74161AcF4Df78B69dd2B14A2eDd0d17C9965CB,180000000000000000
0xcB9A9eAa6E51f90F8F9995CC898Fc8b7bcFD8E2F,180000000000000000
0x92D4dFcE49b3afE6960b07daFcd0dd8cA461c05d,180000000000000000
0x3Fa7F0d30766484f4C1b6A91ce863F759F32217A,180000000000000000
0xdcd5550c2705dE31ab0C0986b90969EA96e87240,180000000000000000
0xF1C4A570DEd82B9c68BACF236c1AD0f8A8e6877E,180000000000000000
0xf9a51aCeCFAb8dCe0254e28cB4E0964d04B81F32,180000000000000000
0x2dD6A19950330B3Ed610e12EC8337FF12DB2FB7D,170000000000000000
0xE8Ed55468CcFb6ecde005CdD67a4d8B5eEFe24Ef,170000000000000000
0xF91Cb4C8589971195D30953d5D119CB40b5Ee1e0,170000000000000000
0x04e78Fb382d025D61E34290162D3Bbe4457aC299,170000000000000000
0x3aF6c98390f7B3cA32D6961Cc1Ba08B0B8f06D47,170000000000000000
0x38fa47e3d4Cd75007E3c1e259D785CD7D645eAb3,170000000000000000
0x47D2db40105cBC39ED00A0d9d95401b8b9179195,170000000000000000
0x25d8983d9858a877f9Ffe65966a66c28E0e74338,170000000000000000
0x0275ac085c8E0E558603CCe52482897E74637D58,170000000000000000
0x6cf49DCA9fA4711d6c2571F42ecdabC14392f94b,170000000000000000
0x7085e5a8601C36d2DF41De27DD8927497309d46f,170000000000000000
0x6A149AFee6C13c03f026f28bbBe452329315A499,170000000000000000
0x9befA70FaE32b4cbD47bC7a91e0A8b2e6170E1B6,170000000000000000
0x292186C3872765e08cc2410F3D3aF1555E0CfAa7,170000000000000000
0x437B99b033387F56D95933be7B3515dEeaF6E7f2,170000000000000000
0x66D2aeB432D4D9772C5c38fa4fE2F70a0f4d24fE,170000000000000000
0x5457C2dbB3EbE468481193be1786FA8190e66D21,170000000000000000
0x174DB25b8Ba3d0d2f81634B50b4Da57509458915,170000000000000000
0x75E934ebfe57B08C9B0686f5AaAd72699c28c1C2,170000000000000000
0x06313437144880e84c3767bf7253179D4Bb54558,160000000000000000
0xd0B0B2491Eb0C7Dcd709BbFC8F27398274836Beb,160000000000000000
0x228375688d5344A4688F6d511eF87Ccd4DA89020,160000000000000000
0xC5F17131ca2aF653a659B1bbb6E65f8dC33b090A,160000000000000000
0xB5ee0d379BeDDd0DB5Dc6bC76EF36B2B33cf23e9,160000000000000000
0x735876BF953592Fd3ecB867Fa3E41a028d20677F,160000000000000000
0xFfc7765630ddD27F0e8E23238ec17AC236CB5B7b,160000000000000000
0xbe7f605ebF7a360Dd91fD759e80404C20FdB669E,160000000000000000
0x94d657cC492d6d04701ac6044340C3438C939cBd,160000000000000000
0xf79cd9E4Aa95c75C41b353C18E7707e04db9dCbA,160000000000000000
0x3c9DcB0a44602a525864572876F0a6e132F0FfDa,160000000000000000
0xBFEf5F96e9Ad34113674096b76D6dF990984E1D5,160000000000000000
0x97759FFc1A1efCe66CD33f827e236FB93cC79888,160000000000000000
0xbB1F07CB3D8B1ac18673AaE62Cd72E8002433cf5,160000000000000000
0x5106db2372BDBC03a266b34d4D0D2b64cb7C7EE2,160000000000000000
0xDf12C66a121a55F60189e3100cbB955124a54FC2,160000000000000000
0x13Fd1c75B2Aa816a5AbD80F581a976D4d3Ca3403,160000000000000000
0xcdd72dBF7E518b2aC830e907CD36AE3e4933aBA8,150000000000000000
0xD24eE4e9A2e9d1A8374F620e178553f9c3712ED2,150000000000000000
0xaD79eC7a7daa788F2D8509aEF489713C6cff5172,150000000000000000
0x4Fff6D0e019Fece34E29d3384638c040d0290292,150000000000000000
0xD219D4EE486a13b00feA12F9328AB70891Fce11C,150000000000000000
0xBdec67877BE6eC8C890e4A7d19619dCd47B131DE,150000000000000000
0x86126729528a448AeBeA848887b0580D62899a8C,150000000000000000
0x08Ffd85e437e4Fda7d94FBd4a5467aE5a3462EC6,150000000000000000
0x3B8e0AA4f728be3167e96B700E79d680CF20a698,150000000000000000
0xe90d1902aF04eE348B4Ea10cbb18Ad229B0709dB,150000000000000000
0xaE75f238C17d3e50F128fE87d2C7C4691A66999b,140000000000000000
0xF60ad4E9F2B5ba881E034386D47A322BD8786877,140000000000000000
0x7452494c138f1e89f4458E24143a4978Cc98e134,140000000000000000
0x6Acb68962787Cb0CFd040A014793481e2282498a,140000000000000000
0xe08AEBCb3a20A68E89AD98603660758a04e8F6dD,140000000000000000
0x5fa52FCbb22a34643BDFfB46275a28705c7C61bb,140000000000000000
0x90524afE315898e701E1B0D6BE852dF5E84Df418,140000000000000000
0x0e671b8dA1ABa41bC2dA8C37aDA44c49B1746D06,140000000000000000
0x57151d1c8eB5585E7284C13fDB4B02e2293c590C,140000000000000000
0x262D3b684a8606E4eEA106618eF6333FEeC9a263,140000000000000000
0x4f4A02302F9DF33E4889719748E9d9d1f1AC522B,140000000000000000
0x3AFE4ECDc975938E8C09e935eb6a8467CF71dc56,140000000000000000
0xC63324aab8603CcAC57581898326827BD3532B82,140000000000000000
0xAd9B026F95B7B22889DE8D876C1caa05541C25Ea,140000000000000000
0xeDeA7675424aF9F48d74D66af32B0D8465990c0a,140000000000000000
0x75877829510e1AC622E2BFb7999863302c9bD2c5,140000000000000000
0x0D48DD1bd430D560215aCF65114e9fE5947ebc05,140000000000000000
0x7bF0e2EcE2Bfa62CdbF0B9Cac23c6ee4d5A95464,140000000000000000
0x782123d0930e4A68Dbc4c66e9fCcd5b4b5464861,130000000000000000
0x7EbF5e5476B0FbEDfE4BFcA4BEC8FdFf27F24551,130000000000000000
0x8d88c3eAaE85cE33EcFE4DB58C80Ba0951D0833c,130000000000000000
0x888dDCc2ea48997C01224260c5808e9a2712F717,130000000000000000
0x0a7ad921f2e7c11CdAB23e8Dd7657ABEA2850A53,130000000000000000
0x644011F52f5cc3d5eB4079F81ECd9C9A48e9D473,130000000000000000
0xF13b1273Bd96464343a887F0D86Ed79AB14b9526,130000000000000000
0x5Ec50C4A45388edAFef4aA095f31082A1D55d53c,130000000000000000
0x0704f8445e8E9F824Af9E7055694588309164e30,130000000000000000
0x0C2d35882641A43607Aa36e17160361cDcD7776f,130000000000000000
0x8Bb8665A4900c3e6c0829DdEFA42CEaC1f95e78d,130000000000000000
0x872E6e8D6cd49A9033086E0040240267b54e6aB0,130000000000000000
0x2251d3118049D696A505aDA29a690F88597Ca3FF,130000000000000000
0x6bB13700D5370c5f7F1E671B92949110d7b9021B,130000000000000000
0x10609c59f6485fbb1f422C922bA6D8a30f8416cd,130000000000000000
0x319E6a37BdbD30be7e9190B655D787DEf2D85309,130000000000000000
0x3B3864780de633f5479f50F65D6F75De1Fc9c99A,130000000000000000
0xc14F8CdB3263aB4a074A0129b57e3b58AA33B7F0,130000000000000000
0x86F9cA99275bfA05fC68Fa84B6Dd19bc58B83dA4,130000000000000000
0x32Fcc094D5C1D4EC55f18aca3f7D773D6B1E6E4d,130000000000000000
0xB1064C445629DD7503b088B76BC8d4e5BbF5EB45,130000000000000000
0xd3AEee67cefb0FdeA28D6Ca46B41c2f7B4C25D0e,130000000000000000
0x00eFf93f6913a779dC49a32b6C6ce5A9785e4E63,130000000000000000
0x8a7ba66996E556D0038F1d5Eb04a9042aDaB4FE9,130000000000000000
0x0Ed247C6d77B5474f99d8500804de8dFdDe87FBD,130000000000000000
0xcdc3ad2a02764c3a9E9ff49B2daB19f65F07B7Bc,130000000000000000
0x26f7E2FaCbc428D7944b0D0beB39ca88262e2519,130000000000000000
0xa929cBB021fDA84A98B4735772b39057F06366cA,120000000000000000
0x1d73932dE02095eeB1E36CEf6E2c906bE476F5ef,120000000000000000
0x44A5f15a9E6C61056a3cbAB2270D4C254C0b8C2E,120000000000000000
0xf0c8be994bd2E31c583f1C44B720Fea6FD2614dC,120000000000000000
0x524b17C6ECbCD0230583407980fcd2eD6e3748De,120000000000000000
0xb3Fa8e42f3c476B440719C5B3cbe95E617179A21,120000000000000000
0xc8477Ae5eDD9DC7De588A46F47EE0c391e59B600,120000000000000000
0x3B86021A888Ca1293fEFb565536366EFc33D73ff,120000000000000000
0xd2306a3F343dE321d90Cac6c3D0746A7C0D8a79d,120000000000000000
0x3fC5eec5E38130B2F80fAc354e0B67D083b43335,120000000000000000
0x88696A8ceB3465FfA418EDBd1d982277C0746715,120000000000000000
0xbfceBe2A10A145c816EB529Ab3fa8B84BF2b237C,120000000000000000
0x555b0803A17fD3f0F507b42BDBB1F48342E92C30,120000000000000000
0xC9E7350Dc3Be96b2395de8007128f484e9bEE866,120000000000000000
0x657906E7Ff36a1869c4FB9CE21240Ec705aA41b0,120000000000000000
0x49BC6a15838C32C2759db2994623aC36C25fB3A2,120000000000000000
0xB9b9fEB2DDc23b2D922834e62155B4451AF4a972,120000000000000000
0x98A7FcB44a2D60080FDa1cE3BB1eD2eF55d393F6,120000000000000000
0xcd642F864d355769e9a3A0554cD115bA552d6B38,120000000000000000
0x48c8C8df72e73FdA409b254EE2389Df5b877f758,120000000000000000
0x6aD82A9687008B73a8EE29697c6a75b5091F49B4,120000000000000000
0xd6CaeeE72021Fd1c6F3ABCfd2724f0a3FDDFB03d,120000000000000000
0xbD3395b6879b09098CE91EA9b40dae696F51EaDC,120000000000000000
0x133CF95654e29D3A2beCe0D4089988A56C56A323,110000000000000000
0xadcCB8c2A895733A9d84c998fF271E8fEf25E74E,110000000000000000
0xF4B3F771a397A822C13fa7b90335AB76b0CEbF20,110000000000000000
0x4C303fc7c7dAA90B4bbf73EeAecBF480C3286391,110000000000000000
0xCf3C82512F87Cb24E7F879efe6fC019eDd091391,110000000000000000
0x8e7aaDfDF4F185679095100518afcf96E7f6e95b,110000000000000000
0xC7030424B44CaD2657760202b9F752062A80A2e9,110000000000000000
0x222CF8Fca034Cd20eFC4aa5cf61cD73FA8f43273,110000000000000000
0xA0408a7B118C66318975126781945d170739A715,110000000000000000
0xDBAEf50E695Bcd87C77c014724AFeba9bD04b570,110000000000000000
0xA7F6d9cbb7B2524a5601D856Fd560e91b18E8c58,110000000000000000
0x1De06c6931430873bBeCc282DeDb9271c3d21608,110000000000000000
0x026C6cC4edAAb7DDD3B59C89A72eDdFAdEe1ab50,110000000000000000
0x4CEf334f9ffe37a520121e29cE602A21C6A2f0Cb,110000000000000000
0xe78B157597b6BB46c818a1F28680FF2420ee4f4e,110000000000000000
0x8E1cb19084a27929905BCB2d83955219E04dc6DA,110000000000000000
0x372ef69A8625260df87be5a7335b52fc868E28f1,110000000000000000
0x0C3D030f27d791C530d1135018E85B59479FC5f3,110000000000000000
0xefe403648702559Bf738D128bAFdc8295F808f76,110000000000000000
0xF40569dd23D4b631b9C0747d5aBB6ab5FBcFf565,110000000000000000
0x81FFc7F669b72792207E3794D3BE7F5f1C9d6A22,110000000000000000
0x56B84170924520446bAAf84c9815E4a95B164Dc4,110000000000000000
0x26E508D5d63499e549D958B42c4e2630272Ce2a2,110000000000000000
0xcf52BaccA3759D91e9F7f4ac3010369C430a57d6,110000000000000000
0xe36674F28B73265b99cf9E2fa4D943279dac2954,110000000000000000
0x37C054C802457596931DEbf827Ec50b36bDdb478,110000000000000000
0x688d8Fb702137fC0Bb5A18B706966e96C1bF2FFe,110000000000000000
0xCA2fE79EC681bb6EEfD49D52DC7e92Ff213b360e,100000000000000000
0xa8B4DEd0D5cAb5a393C2B4460E3bFdb333Fb0D68,100000000000000000
0x9fF1Eeae5A344CcDF6e90844cC0623ECA890Ac99,100000000000000000
0xFe7393Cf67FC791F70A5f2B1066E2C06b9912e85,100000000000000000
0x1b9C03cb49AD4506555B8d583B15813fdE214cbb,100000000000000000
0x7AB7613Ce23401181B897eB54aC447031d405A92,100000000000000000
0xAEAcD721b0c4BAa23bb2ED477bc1288ab6734eD3,100000000000000000
0xe02Ee19d6F5C24052f436803044e3a012fF60eD4,100000000000000000
0x8dA4C8969188779586b552d251472Ffdd7C88811,100000000000000000
0x5194895C17257cadd72DD18413Bb4c06225A55C3,100000000000000000
0x2E359A6b248A936ac7A54574b9579EE4837f9DE3,100000000000000000
0x8Db845386a29121376934007f56DE1f6267e73A0,100000000000000000
0xa3F9832E1635D1043257F3292A1C01364451654A,100000000000000000
0x0Fe7f34d2460e2D9d64c5D75Fed755Eb3d0d6f63,100000000000000000
0xeeF3F09cf99B2EBD952CFFf90f70298fBa20484B,100000000000000000
0x07aBD0B2930b0E2aE2D0f092D8c744bb8e01E26f,100000000000000000
0x14C6594A4B9e24EAB04f8F0FdC20b56B93e5AAae,100000000000000000
0x95666660C3A974aaab4CBDfBF311C9EAE03e7d82,100000000000000000
0xcADC6Ac389B9310267A2A0b9754935C367ef2516,100000000000000000
0x0DC866B9209E14ab20787264673B416c4a548423,100000000000000000
0x3B7A2C3d2B53ec3a3e2a38c9CCE2Fa206413cabd,100000000000000000
0xAA585FEb60B7c007332A555097500Dedb882df52,100000000000000000
0xb14aBd91D399EE7fb36B5E0a5f4B0BA4ad204761,100000000000000000
0xA6237f8304F070fE9618B1772b6234016bb53621,100000000000000000
0xDeFde9f294Adb1361eAF36cc1E7fbb993384B923,100000000000000000
0x5BD863caC7CF97c66508AE267d66d2544AFb1Cb2,100000000000000000
0xD5693B48D4311CDf09D5ad5863e09C3eb190F5c5,100000000000000000
0xe66ad6F99d0e220CdeF97e28fbfBAD9c6B2fc00f,100000000000000000
0x9C5e98C490241941CA82bc921366cA777F9AaB08,100000000000000000
0x2b45093C6D47bD7130dd7faf8199dc9f3cC664d9,100000000000000000
0xf0094647565e78a616A012D6376301F66C88A2bA,100000000000000000
0x787FDe83Be342f75026dC23b8DE2F039dd1E5De3,100000000000000000
0xD00444f65dc5df26c11767e7701Eee6e18c22B58,100000000000000000
0x0625468d2DA59aae1a6a043B3f85983B69afed33,100000000000000000