Kinto Wallet,reward %,Time Factor %,Deposit Factor,July 18th,July 18th,July 24,August 17,Total
0x68242cfeDA40Ff286b045D388f4c5859713027AE,31.351,48.73,0.38145599,"3,103.73",3103.780351,"6,270.17",4473.76,"16,951.44"
0x85bD43dBb99A2290E4cD930fc6B952D903f83fFb,21.421,79.24,0.13131027,"2,120.65",2120.700421,"4,284.15",3056.74,"11,582.24"
0xED31BeCD06fBFC54E9d4294059e473254265eAb2,15.060,40.55,0.21763170,"1,490.90",1490.95506,"3,011.92",2149.00,"8,142.78"
0x4f2204D3c9965F031f9147B0558D01D6b56ce442,2.896,86.87,0.01663106,286.68,286.706896,579.16,413.23,"1,565.78"
0x6251Af50ea360b715bC42eA8fe416a74AEaa7624,1.907,65.18,0.01387498,188.78,188.794907,381.38,272.12,"1,031.08"
0x4e3B22B00EedeDb66C1F62eedfceAE453Cea70f3,1.751,60.37,0.01564279,173.36,173.350751,350.22,249.88,946.80
0xEBa34F1E7eB7ce11a4bFF44876267d1DB7230F58,1.414,84.40,0.00877693,140.01,139.987414,282.84,201.81,764.64
0xE3213CD1A8603Ad4185204A6918A4B9A0E11d881,1.102,44.23,0.01411979,109.07,109.099102,220.35,157.22,595.74
0xA38fA3dD33Ab59Ec465AF92dfCb0D164eA3Be735,1.034,69.24,0.00670845,102.34,102.367034,206.75,147.51,558.97
0x4ebE11e8dC49c890710aae20AaB9D0aE48e2e18F,0.891,61.89,0.00666155,88.18,88.209891,178.15,127.11,481.65
0x2e2B1c42E38f5af81771e65D87729E57ABD1337a,0.697,66.88,0.00519122,68.95,70.191709,139.30,99.39,377.84
0x559Fa64B39B678A6C262B991BBBe873189a07fe6,0.604,53.67,0.00401765,59.81,59.796604,120.82,86.21,326.63
0xd358892B32E512F81a9a6D2F257A92e5dfbBd7b4,0.525,48.73,0.00624807,51.98,51.975525,105.01,74.92,283.88
0xEf3C39407856ec69bB1bfcd3ba78657d239C564d,0.523,86.58,0.00262863,51.81,51.777523,104.66,74.68,282.93
0xb73849f7963F5Fd8146A4ad99286716a6bc0B317,0.495,77.58,0.00223994,49.00,49.005495,99.00,70.64,267.64
0xcC4cAe3bb8009233940E629f07A225a4Ab69B5Fa,0.376,81.37,0.00170283,37.20,37.224376,75.15,53.62,203.20
0x8104B1CBEbD1fe45D7EC28B1Aec4E4Ddf092609f,0.306,86.43,0.00132871,30.28,30.294306,61.16,43.64,165.37
0x64100d29dE9653391bF57601EFf562284FC1a3f9,0.250,76.69,0.00140649,24.76,24.75025,50.02,35.69,135.22
0x044935732148a3b12A5d0eA2f50F991d77243f92,0.232,41.69,0.00355268,23.01,22.968232,46.49,33.17,125.65
0xf9e6F1151Cc07c88835Aa98eD19CE8282D08a3ec,0.224,44.27,0.00312248,22.18,22.176224,44.81,31.97,121.13
0x2804eeabDF440a100B28F16De72b2ACbd0c53e5C,0.197,73.24,0.00134246,19.45,19.503197,39.30,28.04,106.30
0x67bA121Bcde1ABB2Eb475c4391e66d30D7b397e0,0.189,74.22,0.00134201,18.71,18.711189,37.79,26.97,102.18
0x5d38aF72E3895E42fEC20036940504d947611941,0.180,52.86,0.00200728,17.79,17.82018,35.94,25.64,97.19
0xdB06189B1A2075dd0A8569020FD5133fb5c0699a,0.171,62.20,0.00134090,16.88,16.929171,34.11,24.34,92.26
0x3Cdf4c32f0BA5edb14fB9DbD37fC8B825FbDc21f,0.165,61.57,0.00134090,16.36,16.335165,33.05,23.58,89.33
0x902402569DFdBd2E7Ca3D48a6447d7ED200E6d39,0.165,55.13,0.00111640,16.32,16.335165,32.96,23.52,89.13
0x9c7d5a3f7FC2C2e790d27de184144C080e2bCF5a,0.162,45.14,0.00223294,15.99,16.038162,32.30,23.05,87.38
0x36CdbbaFEAF6bfC03C32C31E9bA2E26f6D9218DF,0.161,40.80,0.00267507,15.95,15.939161,32.23,22.99,87.11
0xB449FDA152918dB7eb434f6717552867Be50d1e6,0.160,75.00,0.00102042,15.89,15.84016,32.10,22.90,86.72
0x525a2594688F0D7a011078738E0b4B62D2fe3Def,0.156,49.73,0.00185471,15.44,15.444156,31.18,22.25,84.31
0xC7545B39E2e66A3A44B5289daB0a3d3B30a8554A,0.156,81.10,0.00089892,15.43,15.444156,31.16,22.24,84.27
0xbDf793d4bA3d4615a872dE8e5907a888307D824a,0.153,78.54,0.00089886,15.16,15.147153,30.63,21.86,82.80
0x1714f45E4ce199AdA2Fb3389f44663014a1243E8,0.152,43.18,0.00222962,15.10,15.048152,30.50,21.76,82.40
0x89F1Cd3DF324eB89115dAA294B675BBa7Bae9Ec2,0.140,37.81,0.00134117,13.88,13.86014,28.03,20.00,75.77
0x84Ef8eA33A39Da66839d7532bF11794355277634,0.138,67.01,0.00111796,13.67,13.662138,27.61,19.70,74.65
0xF757225C4C22Aa70334C6277f140f491Df228eD8,0.136,83.94,0.00080607,13.47,13.464136,27.22,19.42,73.58
0xE3dC80DD5D143FBC660c2A2176242d725a955d19,0.128,50.20,0.00138297,12.65,12.672128,25.56,18.24,69.12
0x147e4B124F5AEBf61ccD2e2E8a0b2E214b04C344,0.127,79.17,0.00073910,12.58,12.573127,25.41,18.13,68.70
0x524b17C6ECbCD0230583407980fcd2eD6e3748De,0.119,75.33,0.00075498,11.77,11.781119,23.78,16.97,64.29
0x96f60bAe10b5bF8EB0c51E28911E758f11540967,0.118,81.81,0.00067503,11.72,11.682118,23.68,16.90,63.98
0xfbB75ad6BCBab5c87c1630da38109462f11Ec546,0.112,80.06,0.00064067,11.12,11.088112,22.46,16.02,60.68
0x20C1ebA15c8Def76490bb320Ee255797481Dc360,0.109,86.75,0.00054068,10.82,10.791109,21.86,15.59,59.06
0x249f5c7E9D0C6721cE48A65b5F56C5067b96D29A,0.102,71.03,0.00067440,10.12,10.098102,20.45,14.59,55.26
0x86242bbc2953D4BcA19248172E919C04e542d5d4,0.098,86.44,0.00049374,9.72,9.702098,19.63,14.01,53.06
0x97726Ae57074661534e43386Bf8B3A4b0dCa1805,0.093,79.19,0.00057217,9.20,9.207093,18.59,13.26,50.26
0x5E9feD3cD873A582cCA8bDC96dB86924f0430C33,0.090,54.76,0.00089332,8.89,8.91009,17.97,12.82,48.59
0x98a3790C9886DdDd0fED2C1Dad79F3AFa7337D7f,0.090,77.39,0.00055546,8.88,8.91009,17.95,12.81,48.55
0x24eC8285Ed0B8373B2eC753CbB668bCbB773d8Ab,0.089,67.51,0.00064875,8.86,8.811089,17.90,12.77,48.34
0xe63a73043690E65B55afD630A47aBab0E800bb47,0.088,86.59,0.00046338,8.72,8.712088,17.62,12.57,47.63
0xAcd1845948a03Daf4592323A2C14fFa935a94Fb9,0.088,62.08,0.00100389,8.68,8.712088,17.54,12.51,47.45
0xeB326Cc0188A6375Cf1D5c1aE93A1D1B35124f76,0.087,79.03,0.00051410,8.66,8.613087,17.49,12.48,47.23
0x79c9Af53C329889fb6560244caB73212984461d1,0.086,78.31,0.00053641,8.54,8.514086,17.25,12.30,46.60
0xB609316dec60d2bB1B8f50DDc54a7D169F442158,0.086,74.25,0.00055463,8.51,8.514086,17.19,12.27,46.49
0x496284486BF123e0aF0DE7714086874fFC8b8DA8,0.085,82.78,0.00045044,8.46,8.415085,17.08,12.19,46.14
0xCeC1c28aebe1311EB40339b5e483c2FF8B627a5b,0.082,81.99,0.00045009,8.12,8.118082,16.41,11.71,44.36
0x7f26E00D5E13d016E1BCfBc680CFaCF7A6744e14,0.079,73.95,0.00046078,7.81,7.821079,15.78,11.26,42.66
0x8379748e7079e8309b955726a7D146d4239ddB28,0.077,81.90,0.00045022,7.65,7.623077,15.45,11.02,41.74
0x9c55b1a2FAbF6561eE4B9b0eaCd801C5dff1f66E,0.077,79.05,0.00046045,7.61,7.623077,15.37,10.97,41.57
0x6873a98Cc6C4B1ce6E73E5f025E82931f587be33,0.077,63.64,0.00051803,7.60,7.623077,15.36,10.96,41.55
0x033A6DF807c204697daE4EAa9CDC0880Fc4dDF02,0.077,84.75,0.00043093,7.59,7.623077,15.34,10.94,41.49
0x56f809D1DbE35f2065b30D9d6175a916F6Ee8fe5,0.076,79.23,0.00044919,7.50,7.524076,15.14,10.80,40.97
0x8D2a1f491fe806C89e17A237D9F7A68e6b4E6Be4,0.076,79.61,0.00044716,7.48,7.524076,15.12,10.79,40.91
0xb4d907E9039adEd6247a622Efb58378bd4eab307,0.075,79.59,0.00044656,7.42,7.425075,14.99,10.70,40.54
0xacFEA26c90C4Ec7291Bde8BFDC03386e39326cF3,0.075,85.21,0.00040561,7.39,7.425075,14.93,10.65,40.40
0xD2cA32044808C50Bb32BE43786fe7F7fecD7F874,0.074,78.75,0.00044716,7.36,7.326074,14.87,10.61,40.17
0x8c4B3023d414BaF377e132069a75fef7E14bAdF2,0.072,78.51,0.00044715,7.16,7.128072,14.47,10.32,39.09
0xCd6F8084e2838f7cC02a2405F7641B69584D50D1,0.072,78.23,0.00043363,7.13,7.128072,14.41,10.28,38.95
0x5Fd84b78D2393F222befb9b9FBCa2B8B62a76451,0.070,71.20,0.00045162,6.90,6.93007,13.94,9.94,37.71
0x4Ea4b4f7717C42F828603947502cB8cf73a1c119,0.067,78.65,0.00040503,6.60,6.633067,13.34,9.52,36.09
0x566117239C23180016e1C3B9Ab59Dd13A5f330Db,0.066,86.65,0.00036032,6.58,6.534066,13.29,9.48,35.89
0x0AafBD122bA5b28928fed50aB40EfEb0de51D350,0.064,53.48,0.00044990,6.38,6.336064,12.89,9.20,34.80
0x49C290e22A9d3F9A33457966098790f04BA57Bc2,0.064,56.87,0.00044726,6.35,6.336064,12.83,9.15,34.67
0xd3Ce7c59d49319bEfd4E9731421025D6cFBcB2d8,0.063,43.53,0.00091432,6.28,6.237063,12.68,9.05,34.25
0x4a0635cbaa595a6A3b1b69D96698a831FD2AB6dD,0.063,67.88,0.00044709,6.27,6.237063,12.67,9.04,34.22
0x8B04410adC77a3035DabeE06370F939Ec3AcEAEB,0.059,65.35,0.00044736,5.81,5.841059,11.73,8.37,31.76
0x24C99170FedA5DeAadC5f7D7bCB94564a35d3711,0.057,45.74,0.00044749,5.62,5.643057,11.35,8.09,30.70
0x6fa4DA5da5425C1dc13bAFb168EC4F26DC4Cd9dc,0.055,65.32,0.00042956,5.49,5.445055,11.10,7.92,29.95
0x342cB256218EFf45705F023352b433659c566185,0.053,60.18,0.00046405,5.23,5.247053,10.56,7.54,28.58
0x5c0968CE0A703B396cA4eEbf20D61A03FA5C4ba6,0.052,54.67,0.00066932,5.12,5.148052,10.33,7.37,27.97
0x49674cf87fbeF1a67eAb95ED114C199Ea3BCf996,0.051,82.97,0.00028494,5.05,5.049051,10.20,7.28,27.57
0x557f438905a8523A2D1AB99E5cc4197B7f82275D,0.051,58.99,0.00044667,5.02,5.049051,10.14,7.24,27.45
0x1D05C788C6f968875C59C5AeF04Ca3E6966D4cFC,0.050,38.86,0.00088294,4.92,4.95005,9.94,7.09,26.90
0x4195F2Bd53CE27cE35D44A4aE72Dd6b2Cc5e9671,0.048,66.65,0.00037581,4.77,4.752048,9.63,6.87,26.03
0x2387404e7B798F090442844D87Fe31F7BEd4E13d,0.048,71.86,0.00031382,4.75,4.752048,9.60,6.85,25.95
0xa3574638CB12f95dd97E5D9A6852D04770C7D061,0.047,71.55,0.00030421,4.69,4.653047,9.48,6.76,25.59
0x1Ed394A0270775c256E0B00F9aC9586ffFDDC712,0.047,82.13,0.00027004,4.64,4.653047,9.37,6.69,25.35
0x21Aac33CBc56D66d7CB66c92c9B33668971D5660,0.046,39.24,0.00083838,4.60,4.554046,9.29,6.63,25.07
0xF5D28f12c1C16036035bc8B0997Be03f97Deaa47,0.046,78.71,0.00027417,4.59,4.554046,9.26,6.61,25.02
0xa5D71B292e10DA8Adff6215ECcb0E64562012b7c,0.046,64.83,0.00035801,4.53,4.554046,9.14,6.52,24.75
0xFb238b1e239741f53a76Fa619D1bCc44Bd62C0c7,0.046,81.99,0.00025595,4.51,4.554046,9.12,6.51,24.70
0x42468900f72BF7d3AEE1eAB833c21bf39f58a023,0.045,47.73,0.00055355,4.44,4.455045,8.97,6.40,24.25
0xFAd16197C2179bFeE0d96F3FE685C642962b6520,0.044,54.50,0.00042410,4.36,4.356044,8.80,6.28,23.80
0x7Ca845d18d24a78B4521E53973f4f3E95B2336Ab,0.043,87.13,0.00022530,4.30,4.257043,8.68,6.19,23.43
0xa3B1F5f8BD3150Da92B32e853F474067F1E9Fe02,0.043,76.02,0.00028204,4.24,4.257043,8.57,6.11,23.18
0x6c50f1B31db769F8095B046bF93124a3fDdeb75b,0.043,80.48,0.00024658,4.24,4.257043,8.56,6.11,23.17
0xb4fca570D7043D9F987fC2A20BFbb993F8dc2b0d,0.042,79.53,0.00025041,4.19,4.158042,8.47,6.04,22.86
0x7a715788F743fa54ed8ea9224cebef922379D459,0.042,79.58,0.00024817,4.19,4.158042,8.47,6.04,22.86
0x1e7619Dcfc533E995Cc51410B592085f1C0E0E76,0.042,85.37,0.00022474,4.16,4.158042,8.40,5.99,22.71
0x6814a45f7E0ce35AB112b82C7Bc10568050B5298,0.042,52.82,0.00044147,4.16,4.158042,8.39,5.99,22.70
0x447C343B0Aa8406505797Cd6c8AD001E6A56F1E9,0.042,77.62,0.00026459,4.12,4.158042,8.33,5.94,22.55
0x3F30bAc21E74834Ba19A14ba1Bd438193a353bfb,0.042,83.53,0.00022458,4.12,4.158042,8.31,5.93,22.52
0xD92171e42748CEdCb1dA226e70a9fFF3043D57C7,0.041,83.95,0.00022481,4.10,4.059041,8.29,5.91,22.37
0x460456CcCc41c20951b0558a6B995Bc6423DF949,0.041,80.14,0.00024198,4.10,4.059041,8.28,5.90,22.34
0xA7857A829b2825953f3797f1C6dCA6465Cb9ac14,0.041,70.99,0.00028622,4.09,4.059041,8.27,5.90,22.31
0xCD280b0F5BDA024444D61dBAA498364436Ea0442,0.041,76.47,0.00025460,4.09,4.059041,8.25,5.89,22.29
0x44446983Fe7EC9F62C816F0a81274f5bF754850E,0.041,80.77,0.00022488,4.07,4.059041,8.23,5.87,22.24
0x723E74f80330DaEcb8EEBCCa483a2483577bb595,0.041,80.14,0.00022557,4.05,4.059041,8.18,5.84,22.12
0xaECAA88a1296e69075b183eC52738579c29Fe58b,0.040,82.37,0.00022487,3.99,3.96004,8.06,5.75,21.77
0xb4e8Ba45F12d6b0e952Dee1Af6ede35d47D1952E,0.040,72.01,0.00026852,3.96,3.96004,8.01,5.71,21.65
0xCEa57249afb32b251CA4EbFd047b9988980Bc89A,0.040,66.77,0.00031630,3.94,3.96004,7.96,5.68,21.55
0xa05Ef78331a737D9Ca4bbA5a57EE6aB8f88b50AE,0.039,64.26,0.00031121,3.90,3.861039,7.88,5.62,21.26
0xBeb966D05189220DBF3592F5ff1bF284FE1629f1,0.039,56.73,0.00035703,3.89,3.861039,7.85,5.60,21.20
0x05B1d15aA2AC1d392480775d2da02b16a5663778,0.039,79.08,0.00022486,3.86,3.861039,7.79,5.56,21.07
0xd47fccaF6A154424F78c748416b1cdb15A3e2A05,0.038,50.31,0.00026975,3.81,3.762038,7.69,5.49,20.74
0x8dd82DDaF7b859eCd9E6fbe6606e2727e3F7D7B3,0.038,79.66,0.00022354,3.75,3.762038,7.58,5.41,20.50
0x87a9a4DcBf29e782f102Ba04E2252D09DC9b4290,0.038,79.48,0.00022358,3.74,3.762038,7.56,5.39,20.45
0x98deC7CA9a2C6b978371D4D9FEd6fa0E4Cf8fE4B,0.038,66.16,0.00025058,3.72,3.762038,7.52,5.37,20.37
0x418d2A7bb7039291Bb515bA947349288CDA728B5,0.037,84.88,0.00020237,3.71,3.663037,7.50,5.35,20.22
0xBBd72E085d0E6CD0d8f37dC30A9C1D638b27605E,0.037,74.71,0.00021081,3.64,3.663037,7.36,5.25,19.92
0x22DCD25f270915a236e531E29F0f6b8F7a63dD78,0.035,47.27,0.00044656,3.51,3.465035,7.10,5.07,19.15
0x9368f9203B82934763F0A2d5bb2B38CD754EeF46,0.035,79.20,0.00021460,3.48,3.465035,7.03,5.02,18.99
0x9001Ade7A43A3bBE711bf9133d67d3f2bCb51A23,0.035,74.22,0.00022130,3.46,3.465035,6.99,4.99,18.91
0x63b4a008Ba3eaA316FeC382355F92564f05E83d6,0.035,71.76,0.00023703,3.44,3.465035,6.94,4.95,18.80
0xFA1C8D1F86744381ad20e6624EeEC2572671296D,0.035,80.21,0.00020836,3.43,3.465035,6.94,4.95,18.79
0x3D6A78fD10129757142C8e49A6EC822C8e6e3e03,0.034,80.88,0.00023778,3.33,3.366034,6.73,4.80,18.23
0xD838e70eeae940b1E520759BF84c8833F6FbCbE2,0.033,79.15,0.00021012,3.30,3.267033,6.67,4.76,18.00
0x57457266F531783c5D13446afAEcfd5245EFaD11,0.033,86.78,0.00018449,3.29,3.267033,6.65,4.74,17.95
0x943fe5e7b0cC5c25422F6f4fC97c5a840C65EC8F,0.033,65.24,0.00026445,3.29,3.267033,6.64,4.74,17.93
0x89c2b081eA3F58D8bedF66d8BC373cE93A22Fd36,0.033,72.35,0.00023268,3.29,3.267033,6.64,4.74,17.92
0x4ba3693E0f6b03B3B1FaF7e2FF1ae280f826a360,0.033,65.77,0.00025950,3.28,3.267033,6.62,4.72,17.89
0xC9D487bDdc4De6b27f27AebB1bab0C0a58611368,0.033,53.20,0.00022556,3.25,3.267033,6.56,4.68,17.77
0x15bE69623d4B3C383116736a4a2A71d513022129,0.033,44.64,0.00037065,3.24,3.267033,6.55,4.67,17.72
0x255fDc7FA443A61cF9Bc9902fC5b995D3D6bD386,0.032,84.57,0.00017993,3.12,3.168032,6.30,4.50,17.08
0x342274Ac997afa78B5b33114E797EE53f62a82ff,0.031,69.99,0.00021010,3.11,3.069031,6.28,4.48,16.94
0x4d7B1DE40fbBD7DE8A66E8BDDc3A043268E2F872,0.031,60.18,0.00026857,3.08,3.069031,6.22,4.44,16.80
0xF4E018F53fe0DF2958688dC808c50dF5aA29Ce57,0.031,84.56,0.00017932,3.06,3.069031,6.18,4.41,16.73
0xd778dCC8CCd692e5ce461b096044f4B14C8299af,0.031,86.07,0.00017516,3.04,3.069031,6.14,4.38,16.63
0x72EED59820f3bc0eaE199E9F766a0aD7f4Ae5BB8,0.031,43.36,0.00047279,3.03,3.069031,6.13,4.37,16.60
0x0c41FCB7307B2Ef3b0F9D737457158144086b9e9,0.031,37.43,0.00062417,3.03,3.069031,6.11,4.36,16.57
0xBD4f9f03E927E012Bac212E6AC1755D1F1846257,0.031,43.64,0.00046340,3.02,3.069031,6.10,4.35,16.54
0x1b641Dc6Ff5EE1B2111674d4F3661728701b9048,0.030,43.37,0.00046832,3.00,2.97003,6.05,4.32,16.34
0xFa93a6A4F0F89A0bdbf401F0F055978Ae162a82c,0.030,78.07,0.00018778,2.97,2.97003,5.99,4.28,16.20
0xC4427A885a8d992CB507a81c3B694744262De62A,0.030,43.36,0.00046386,2.97,2.97003,5.99,4.27,16.20
0x364482A404171B8135DF6E3FA6AfDcAd973E9661,0.030,42.65,0.00047709,2.97,2.97003,5.99,4.27,16.20
0xb264BfF6385d26c11b1b184788BbAE3b25eb0Bb1,0.030,67.27,0.00022354,2.95,2.97003,5.96,4.26,16.14
0x84b1E4842C12DA8993Fc865ff0507Ac639b9b20d,0.030,42.64,0.00047709,2.94,2.97003,5.94,4.24,16.10
0xeCBC0956040183e0dA140FBee6ba300B8914989C,0.030,42.58,0.00047710,2.94,2.97003,5.93,4.23,16.08
0xeabC3963B0bF8574032F157e1562b66a84414760,0.030,42.55,0.00047710,2.92,2.97003,5.91,4.22,16.02
0xD046900e530a90319Fb438253A8e09c45484f2D2,0.029,44.15,0.00044605,2.91,2.871029,5.89,4.20,15.87
0x2D1d6CC7b1F658a2457c3d36604aAbA60DB2b190,0.029,81.01,0.00017977,2.91,2.871029,5.88,4.20,15.86
0xCBB59764D2c3D6752e66C22308dFD4a3CA16D452,0.029,43.36,0.00045940,2.91,2.871029,5.88,4.20,15.86
0xf0BE563E3a0F5f152be82724a3a439C84a00bbdb,0.029,78.38,0.00018006,2.90,2.871029,5.86,4.18,15.80
0x0fE9DBC8000407E1de97E539c278974371E52232,0.029,42.58,0.00047309,2.90,2.871029,5.86,4.18,15.80
0xEE69879105F5EcA104d5aAf94a032b3D4aFE2141,0.029,42.55,0.00047308,2.89,2.871029,5.84,4.17,15.77
0x43Def40c4AF010961FE9B4a5eA233C7D8b6aa1FD,0.029,42.55,0.00047264,2.88,2.871029,5.82,4.15,15.73
0x3a18763766881ce65AB5804f9Ef7639f3372C83c,0.029,80.65,0.00017953,2.88,2.871029,5.82,4.15,15.73
0xc3d100A184dA2FF87A4Aa834AbEb40433DF47eFa,0.029,42.64,0.00046956,2.87,2.871029,5.79,4.13,15.66
0x010d33778E2E0827192a95b4565193CbBEFc1a15,0.029,42.58,0.00047054,2.85,2.871029,5.76,4.11,15.58
0x65D71fF160aa78efd391214387F03029eFF9F5A2,0.029,43.36,0.00045494,2.84,2.871029,5.74,4.10,15.56
0xABA11110f2795F6Ce1859cE8a2d4029508B0dca5,0.028,43.37,0.00045468,2.82,2.772028,5.70,4.06,15.35
0x35Ffde65E8948d64B3DBf577e736772e0d00053f,0.028,42.65,0.00046818,2.81,2.772028,5.68,4.06,15.32
0xf82d28a961DE778D84b6Ed5E5A6a4C6f3eB164e9,0.028,42.55,0.00046956,2.81,2.772028,5.67,4.05,15.30
0x20E2b397812DD73eF111F52bBE45925C6Da1E972,0.028,42.58,0.00046818,2.78,2.772028,5.63,4.01,15.20
0xB4C0DAc39BcC664db68EBB70dfb2c3979669a28f,0.028,42.72,0.00046523,2.78,2.772028,5.61,4.01,15.17
0x14AA43b07E53A21AeDFd08cCae0d83296E6f7a3c,0.028,42.55,0.00046862,2.77,2.772028,5.60,4.00,15.15
0x775a48FC92163e9484f66bb5C4484a5929b54853,0.028,42.57,0.00046818,2.75,2.772028,5.56,3.97,15.06
0x8db5bc8A09007214E9e41A00BF6fAaEa367d05D4,0.028,42.73,0.00046479,2.74,2.772028,5.54,3.95,15.01
0xC7da69e0e5BF44f860D29F02288a10C200624B14,0.028,42.75,0.00046424,2.72,2.772028,5.50,3.93,14.92
0x806995a3bbE051e20612F736F1d69Eca46AD4B85,0.027,42.55,0.00046818,2.70,2.673027,5.46,3.90,14.74
0x96B5Dc301EDC010b7254c7317B83eA17Adb1d0bD,0.027,80.29,0.00017754,2.70,2.673027,5.46,3.90,14.74
0x3f53B93CDc442028058D109C37C48B3ed3646F2f,0.027,42.73,0.00046421,2.70,2.673027,5.46,3.90,14.73
0x6c6C285f3f01580420992eB197EF47c96D606fe1,0.027,42.73,0.00046425,2.68,2.673027,5.41,3.86,14.63
0xd823e1b4C475a4e0101aA3EB9719F05Af05a316d,0.027,42.72,0.00046430,2.68,2.673027,5.40,3.86,14.61
0xFFe0e05CA7A3279E85A2D5246A5db2C7A020732B,0.027,42.75,0.00046375,2.67,2.673027,5.40,3.85,14.59
0x9cDF98ED7a38BA8Fc423Fbfa9db7582CBc615248,0.027,42.75,0.00046366,2.66,2.673027,5.37,3.83,14.53
0xBE21Bb383F7FFF1bcE643AC9293f34e2E81EAf85,0.027,68.07,0.00022358,2.65,2.673027,5.36,3.82,14.51
0x0Be43b60D1eB45586223cc3CF0F01A958Ed567D4,0.027,42.72,0.00046416,2.65,2.673027,5.36,3.82,14.50
0xB1066677E3C05215DdC79178A073793c6E61B477,0.027,42.75,0.00046362,2.63,2.673027,5.30,3.78,14.39
0xB1b8071808d876dDdCb859b4F65358c4E1edd9Ef,0.026,42.73,0.00046381,2.62,2.574026,5.29,3.77,14.25
0xb21539b5435FAab1B669cb1475BB832E3d3E8aD1,0.026,42.76,0.00046331,2.60,2.574026,5.26,3.75,14.19
0x0dE17de8978cF0DDf800f453c75b45871b3e73a5,0.026,42.73,0.00046372,2.59,2.574026,5.24,3.74,14.15
0xd99Fb6981dE228f7BcF794f8c4D064c41caf4D76,0.026,42.67,0.00046497,2.59,2.574026,5.23,3.73,14.13
0x5AE242a1F1c8F04598fCd12B11Ad7Af50F021e10,0.026,42.73,0.00046367,2.56,2.574026,5.18,3.70,14.01
0x0214D5c5591bd3691d8841D3BBD0f24a9fCdc41F,0.026,42.73,0.00046372,2.56,2.574026,5.16,3.68,13.98
0xD6f5c922710c21BCAbf044396FE5E554A49189Bf,0.026,42.72,0.00046372,2.53,2.574026,5.12,3.65,13.88
0x52E2f834542b0D746387506dcCa819C44c4F9dA2,0.026,42.67,0.00046465,2.53,2.574026,5.12,3.65,13.87
0xcF510287E89FC226C1a77E10234bb0E780020a94,0.026,42.72,0.00046363,2.53,2.574026,5.11,3.65,13.87
0x1E04f9BC784E9CD4f7A0A8f4c1d44e1cc562079C,0.026,42.73,0.00046341,2.53,2.574026,5.10,3.64,13.84
0x61F329BC8C375D861cA2484508BDf0a3668f6e57,0.026,42.74,0.00046323,2.52,2.574026,5.10,3.64,13.84
0xf34e8a57f6fBD74235dCF35FE59B476f382B5E13,0.025,42.68,0.00046421,2.51,2.475025,5.08,3.62,13.69
0x5afe81b1B1e6FC18806D3AbaA30C9A96F4145FC0,0.025,42.67,0.00046425,2.51,2.475025,5.07,3.62,13.68
0x915B0e70DAFAc50e22e367a308639B673156Cc32,0.025,42.68,0.00046421,2.51,2.475025,5.07,3.62,13.67
0xD9A49E2570BA6962d60c63551cC346F804cD02ED,0.025,42.67,0.00046421,2.51,2.475025,5.06,3.61,13.66
0x90F9f7503e7e22b6093fD96f7cB126480415BB56,0.025,42.62,0.00046505,2.48,2.475025,5.02,3.58,13.56
0xe88532D2Fb582F02E240672D9B2d3D4B769e217a,0.025,43.37,0.00045062,2.48,2.475025,5.01,3.58,13.55
0x60b1654503FB57b3dDCBB34dac594E97b724c100,0.025,42.68,0.00046367,2.48,2.475025,5.01,3.58,13.54
0x490291eBC5deb6ea5A53CDAfb051277F608659Cc,0.025,42.67,0.00046381,2.48,2.475025,5.01,3.57,13.53
0x1fDE28ca6b2eD93454dB1E69645384B8e653F680,0.025,42.68,0.00046372,2.48,2.475025,5.00,3.57,13.53
0xCd73CD9B0230c2E03913aa955C42f31854EaEAf9,0.025,42.68,0.00046354,2.46,2.475025,4.97,3.54,13.44
0x9D9e17cb7947E3eA3fEc2a4d85dBCF382ACEcAA0,0.025,42.68,0.00046318,2.44,2.475025,4.94,3.52,13.38
0xC4E54394735abB581c85ecbD7bdF395a6a0093E4,0.025,42.68,0.00046318,2.43,2.475025,4.90,3.50,13.30
0x2dFc0E49739Df00C3575896ee1c956F5E7A9246C,0.024,42.68,0.00046287,2.42,2.376024,4.90,3.50,13.19
0x2474978b23e292A0B0D7f750126a136B5664eC3f,0.024,42.57,0.00046417,2.42,2.376024,4.88,3.48,13.16
0x644ad95C95273c5B6E790bBc597A984A0c59CAD4,0.024,42.57,0.00046372,2.42,2.376024,4.88,3.48,13.15
0xa15d134513fBd0dcc88a19F03563b02A8B358139,0.024,42.55,0.00046327,2.41,2.376024,4.86,3.47,13.12
0x243D7963810911D0E84749715B8045172B73c71c,0.024,42.65,0.00046060,2.39,2.376024,4.84,3.45,13.06
0x2fE0E245dB110D3aB89EC85B9CEfE367bf36B976,0.024,42.55,0.00046149,2.39,2.376024,4.83,3.45,13.04
0x866abB34eEdE356caF6afeb8B0c2b172d8146999,0.024,42.57,0.00045949,2.38,2.376024,4.82,3.44,13.01
0xC60F78a137D9035b15B0bfb1AFE7100d19cFA01f,0.024,43.23,0.00044601,2.38,2.376024,4.82,3.44,13.01
0x16b44642B853a25BF8F38D8C61Fb7F7EB8a59C0A,0.024,42.55,0.00045792,2.38,2.376024,4.80,3.43,12.99
0xa27E4e46ADA308ba04c1EC44Db378d11F3B0c621,0.024,81.82,0.00016689,2.36,2.376024,4.77,3.40,12.91
0xa0Bf2095fDb0e5B608068B5899eABdB6aC23bD74,0.024,42.62,0.00045569,2.34,2.376024,4.72,3.37,12.80
0xC8796A15cBA9dc237b0262eD0e87EC438D962af4,0.024,65.41,0.00022354,2.34,2.376024,4.72,3.37,12.80
0xE3622FA91bFd7CF2146Fc17719dAC3C280ad111F,0.024,66.83,0.00022372,2.33,2.376024,4.71,3.36,12.79
0x41F859A90f4DD09Fc73b1914F562b3b2a5fe5fDB,0.024,78.20,0.00017881,2.33,2.376024,4.71,3.36,12.77
0xb5fd26d30F6f65487117296BdF5f71a9399379F5,0.023,42.57,0.00045480,2.32,2.277023,4.68,3.34,12.62
0x2C64E6349C4B7CFE128A500f7bFB349dB417EebC,0.023,84.76,0.00016185,2.31,2.277023,4.66,3.33,12.58
0x92766219Cc25B3E58fF9B5EaADbbB6bc99E54AE8,0.023,86.34,0.00015716,2.31,2.277023,4.66,3.33,12.57
0xF2E11Cb7c732fFA0dDF61259810bFe66A98f072A,0.023,42.55,0.00045079,2.31,2.277023,4.66,3.32,12.57
0x0d2729d128ee41ad2612Fb4BCbF6C538b85DB63b,0.023,42.55,0.00044945,2.30,2.277023,4.65,3.32,12.55
0x7Ef587d223B78464ea0e14c18c0d985818e0F5F5,0.023,82.28,0.00016642,2.30,2.277023,4.65,3.32,12.54
0x7830D9a99b2Ea4bDa91E60103E257A538aa6a9f7,0.023,63.04,0.00022359,2.29,2.277023,4.62,3.30,12.48
0x55845AccEdEF1FD494CD6c307f8660b35ED3131b,0.023,79.20,0.00017435,2.29,2.277023,4.62,3.30,12.48
0x4505E35062C1a01032e5b6D9ea60c20cFff19441,0.023,85.52,0.00015730,2.28,2.277023,4.62,3.29,12.47
0x6E270F9934B55072aa010d3ECe3B3E9CdDa86b3A,0.023,64.96,0.00022378,2.28,2.277023,4.61,3.29,12.46
0x604b04e2c436CE468D56Ace19AfD00e21C0C7A31,0.023,37.30,0.00044651,2.28,2.277023,4.61,3.29,12.46
0x111A49d2A679A9b7E18565fA96f67661c65cE19a,0.023,61.82,0.00022371,2.28,2.277023,4.60,3.28,12.44
0x763Da4F748E31191F8d2A3f8fc0E5632a046839B,0.023,45.85,0.00022365,2.27,2.277023,4.58,3.27,12.40
0xa34128Fee0102973D008652d3037B359cC8e1b32,0.023,67.89,0.00018868,2.26,2.277023,4.56,3.25,12.35
0x43c0cB50956f575098EEc7b0F9D39eE7908e76ac,0.023,81.91,0.00015736,2.26,2.277023,4.56,3.25,12.35
0xe2a1153864503CA80d29a3AFa509b820032A87D8,0.023,84.58,0.00017972,2.25,2.277023,4.55,3.24,12.32
0x567F86E6ca46dFc0CC024B6ddAb1CB66807C1653,0.023,78.59,0.00026342,2.25,0.000023,4.54,3.24,10.03
0xA15c4eBEc5fe08e466961379Dc8d4459063E55C6,0.023,82.28,0.00015742,2.25,2.277023,4.54,3.24,12.30
0x83885A6daB48327e83c37f58A117A440Fe0e5415,0.023,67.62,0.00020357,2.24,2.277023,4.52,3.23,12.27
0xe2a5F2cc9eab18895aDa4866206fb6bfA560681d,0.023,77.55,0.00016542,2.24,2.277023,4.52,3.23,12.26
0x262A615fC5d44Da65f6460EA085E54142F525C4e,0.023,82.49,0.00015287,2.23,2.277023,4.50,3.21,12.23
0x4f3d3402c030B70CA2f844d4a80D0DaE5A13D08d,0.022,79.60,0.00015748,2.22,2.178022,4.48,3.20,12.07
0xB6bf79d7aCF6290DAE1CECaA0FA13b293121e13a,0.022,73.59,0.00017897,2.22,2.178022,4.48,3.19,12.06
0x4e75AE3649b728e29Ed25c58B346c7Eb58525319,0.022,84.66,0.00014850,2.21,2.178022,4.47,3.19,12.06
0x10d4722b905a3EfADFFF6cF9748d14990BE06497,0.022,83.73,0.00014869,2.21,2.178022,4.47,3.19,12.05
0x1E4D94A9FDA90Aa6faD7163B12A7E75D7CF40763,0.022,86.37,0.00014370,2.20,2.178022,4.45,3.18,12.01
0xDfe16aDc21C4Bb344C18D2ce4D6EbE337D523aB3,0.022,82.63,0.00014885,2.20,2.178022,4.45,3.17,12.00
0x9B5e076F168E743634E182732afB210Df775f0f7,0.022,83.11,0.00014425,2.20,2.178022,4.45,3.17,12.00
0x6fE87510C548B9e0965d3D4b65eE7243da6CC770,0.022,80.28,0.00015682,2.19,2.178022,4.43,3.16,11.97
0x0C2728317C355C7df14E5923bEAFF74ef62F6658,0.022,85.99,0.00014326,2.19,2.178022,4.42,3.15,11.94
0x75D0802033a68598914Bc93056a826410aC4D27f,0.022,80.13,0.00015684,2.19,2.178022,4.42,3.15,11.93
0xCC434AdEebC5374ad4712DC252395a30aAD1681B,0.022,79.67,0.00015650,2.18,2.178022,4.41,3.15,11.92
0x000A3c65a7a3B30a1E964530950667f277C224E6,0.022,79.45,0.00015651,2.18,2.178022,4.41,3.14,11.91
0x16Fed668Fd8C4969333D39F1ca5A78836325DD45,0.022,84.07,0.00014164,2.18,2.178022,4.40,3.14,11.90
0x8B1D27d3d3Ba549e3b6e1ffFf6Ca5dBF74589892,0.022,83.25,0.00014391,2.18,2.178022,4.40,3.14,11.89
0x7429eA33340DdDe77d1fC30D1B1F4f04b5a404d3,0.022,78.85,0.00015644,2.16,2.178022,4.37,3.12,11.83
0x9529302B5959DD705c423F23D15a38AB161e591b,0.022,85.80,0.00013922,2.16,2.178022,4.36,3.11,11.80
0xD6AB9C818B4290d4bebf63e220aD23D5c3E18AAa,0.022,81.58,0.00014820,2.16,2.178022,4.36,3.11,11.80
0x27e72bdD81D4578FaaBD02d09dF8Be86c10Fc6DA,0.022,87.43,0.00013520,2.16,2.178022,4.36,3.11,11.80
0x3feeef0d27486C5D8F7CF290bA70fA8E64471B7E,0.022,35.51,0.00025995,2.15,2.178022,4.35,3.10,11.78
0x33b4bD57c26D7Da1D7C2335F8f392bF53cE62e47,0.022,38.30,0.00047043,2.14,2.178022,4.32,3.09,11.73
0x2DD6A911b52eF1638BFbA02273d17732b5Dd7073,0.022,79.24,0.00015202,2.14,2.178022,4.32,3.08,11.72
0x93a92D2047afe607Ac5B3F3131B9d5B8b140065C,0.022,75.78,0.00016105,2.13,2.178022,4.31,3.07,11.69
0x833180ae02718Bf316997a67EdbDbdDddCD4DFC6,0.022,86.63,0.00013507,2.13,2.178022,4.31,3.07,11.69
0x6A149AFee6C13c03f026f28bbBe452329315A499,0.021,84.35,0.00013979,2.12,2.079021,4.28,3.05,11.53
0x6B556427d919acDEaa42d8F15fc537907360D00A,0.021,72.68,0.00016540,2.12,2.079021,4.28,3.05,11.53
0x1834A16Ceb4C5c3B963F4659A50064F8a97DDE55,0.021,85.44,0.00013687,2.12,2.079021,4.27,3.05,11.52
0x86D538330D83E75e0f869E454868e11EE15c5048,0.021,86.41,0.00013468,2.11,2.079021,4.27,3.05,11.51
0xce15f09Fc703504213adEA7d92600F1B71ce1632,0.021,72.33,0.00017004,2.11,2.079021,4.26,3.04,11.48
0xe232015f2900e840311dFa55c4ba5eC152568e11,0.021,72.00,0.00023371,2.11,2.079021,4.25,3.04,11.48
0x11F3090A8337cb3A85Dd12ff8389eAfce38Dd127,0.021,72.14,0.00017006,2.10,2.079021,4.24,3.03,11.45
0xd9d9bbB6B5dF8cb25C3B9558bD9291D242F073ec,0.021,84.26,0.00013757,2.09,2.079021,4.23,3.01,11.41
0x11A010529BBe303bA1bf53BfC2EF5c6DD5Fb7E9c,0.021,80.97,0.00014349,2.09,2.079021,4.21,3.01,11.38
0x76e4b4a7a32Dd608eAb390AE6f4E8Af319e2601b,0.021,72.05,0.00016560,2.08,2.079021,4.20,2.99,11.35
0xe2F8dcD57607755d77C53f73F6401a15fcDb6f69,0.021,83.54,0.00013475,2.08,2.079021,4.20,2.99,11.35
0x82b2Fc96fa6533De3B2F17964bfa61088344e097,0.021,33.23,0.00045033,2.07,2.079021,4.18,2.99,11.32
0x4744d7300a9fB5f69EBD9b0Ba8C10979b63e817d,0.021,51.62,0.00026765,2.06,2.079021,4.16,2.96,11.26
0x7b5A7e4BEd155f2F8b895264974F54319be54Ec9,0.021,82.41,0.00013946,2.06,2.079021,4.15,2.96,11.25
0xE6d60016d221bB1c9cf62136D0c9f6C866CB75e7,0.021,83.00,0.00013718,2.04,2.079021,4.11,2.94,11.16
0xcaDf2D058Ee454dD392c99Fc9D83aa3E0B070BC9,0.021,82.84,0.00013738,2.03,2.079021,4.10,2.93,11.14
0xB4885175cC4C7994b645dc5eAd4dD350eDc2d484,0.021,81.80,0.00013951,2.03,2.079021,4.10,2.93,11.14
0xe1AA185210480c9C83B926A80db9044C823f04f4,0.020,76.00,0.00014817,2.03,1.98002,4.09,2.92,11.02
0xCF224770a4De8E9D1c10cfA68429a28A5946e5c6,0.020,80.12,0.00013957,2.02,1.98002,4.09,2.92,11.00
0x98D008f7bf597C288133F913f5c0285fbD30D20C,0.020,83.61,0.00013479,2.02,1.98002,4.08,2.91,10.99
0x90f7f94cBb366E5891a01049618E534c48aC7E3e,0.020,79.48,0.00014309,2.02,1.98002,4.07,2.91,10.97
0xf4a5e3B0f44D292774D2E35D55439940dFD62bC5,0.020,83.05,0.00013498,2.01,1.98002,4.06,2.90,10.95
0xBA4B8EA41120862e32907478e7bF19Ed7597298c,0.020,81.97,0.00013728,2.00,1.98002,4.05,2.89,10.91
0x51bbb91bd19DdC14d8F8EB626CC19392dfA50b4C,0.020,82.96,0.00013497,1.99,1.98002,4.03,2.87,10.87
0x7A77829aa28797660a0b9d482b19eA6CfbDAee96,0.020,80.82,0.00013838,1.99,1.98002,4.02,2.87,10.85
0x3e082a358B5c236eBd376Fc464A662CAa5699464,0.020,80.92,0.00013926,1.98,1.98002,4.01,2.86,10.83
0xD0b374c4b1D19E4508C1dD429b7cBF254e23c479,0.020,80.07,0.00014113,1.98,1.98002,4.00,2.86,10.82
0x09D1B8286Eb3D0fb00DC96C179Ed92d1EAAF6BEa,0.020,74.09,0.00015646,1.98,1.98002,4.00,2.85,10.82
0x6091c6853D903d96F8eB6A319bc7f3914fb9b1c2,0.020,65.51,0.00017887,1.97,1.98002,3.98,2.84,10.77
0xFE982c7709bDCaA4054789Fc144E4451D8f0dF83,0.020,73.73,0.00015665,1.96,1.98002,3.96,2.83,10.73
0x34f1CAaffec9C7aE2BACCfCf7B40874CE0145021,0.020,81.01,0.00013494,1.96,1.98002,3.95,2.82,10.71
0x34Af87b473815fa8f5DcDcaA5D1b32F6974deeE1,0.020,52.26,0.00023781,1.95,1.98002,3.95,2.82,10.69
0xE9843eD5Bd32954324d07fb637f686400265eC7d,0.020,80.16,0.00013495,1.95,1.98002,3.94,2.81,10.69
0x941b603779414d482C7ce00E15db1835aa9A0e76,0.020,80.64,0.00013689,1.95,1.98002,3.94,2.81,10.69
0x0F0950E9dCA7ddE2F5B3E0B4B3e53D0521f3b472,0.020,72.38,0.00015660,1.95,1.98002,3.94,2.81,10.69
0x6628d917F9fB6fCe121A8Ed2B6956Ae9322fa9e6,0.020,65.97,0.00017895,1.94,1.98002,3.93,2.80,10.65
0xCab8B5F289Bf3422Fa923d8585FB6723B301Cf74,0.020,81.05,0.00013508,1.94,1.98002,3.91,2.79,10.62
0x2488d803a20A4F79868a7fb20ac5024a8685a4C2,0.020,76.65,0.00013672,1.93,1.98002,3.91,2.79,10.60
0xbdA76ACd188947A69AEBd2e1d945E5DBE0ed1762,0.019,81.02,0.00013472,1.93,1.881019,3.90,2.78,10.49
0x2470Ba04362a5A06288F2E961654f309FC83d07a,0.019,80.97,0.00013481,1.93,1.881019,3.89,2.78,10.48
0x2180162fE1faA34400BAB0852252c6dd828991e4,0.019,82.94,0.00013064,1.92,1.881019,3.89,2.77,10.47
0xb7D7F7Ed787a950080721E872Ddf2F9F38c13343,0.019,80.60,0.00013228,1.92,1.881019,3.88,2.77,10.45
0xc2640C841E0DCc04feE56AB2AbA71721F1712196,0.019,72.22,0.00015661,1.92,1.881019,3.88,2.77,10.44
0x762d6DEa770153DB7D51b80913f5F9021B26bC3d,0.019,79.82,0.00013690,1.92,1.881019,3.87,2.76,10.44
0x0FC1a6EbdD9549A7d71b4465cc16EA14A32d3683,0.019,80.21,0.00013483,1.90,1.881019,3.83,2.74,10.35
0x5b7D41e6bbba99ABC14172dD51F7De94c5c2a961,0.019,72.14,0.00015663,1.90,1.881019,3.83,2.73,10.34
0x550B60832c5ce7eA8c004848c08FaF2fF2Cf12c8,0.019,86.22,0.00012140,1.89,1.881019,3.82,2.72,10.31
0xAf14Ee23DA58D4Be2b74f4811931E3bD2EEf109A,0.019,77.72,0.00013508,1.89,1.881019,3.81,2.72,10.30
0x81B99d6f7B73e1538461A2cd5B09e146134824b0,0.019,80.49,0.00013450,1.88,1.881019,3.81,2.72,10.29
0xaAD304167286705CB03f098a12515F596116F97a,0.019,79.89,0.00013470,1.88,1.881019,3.80,2.71,10.28
0xAC32cCa01311F9F15F5267533da59DE31f68D551,0.019,79.28,0.00013477,1.88,1.881019,3.80,2.71,10.27
0x2d53B404ED91039E2672F356b816725415D86D95,0.019,80.39,0.00013446,1.87,1.881019,3.78,2.70,10.23
0x8D0dDD9C2f9697E1456E8EBfB29ca2CaBf07A265,0.019,37.60,0.00044582,1.87,1.881019,3.78,2.69,10.22
0xBbdAdB8D3903C3Cc8876Bbbe401Eaf9f12B78F06,0.019,80.26,0.00013441,1.87,1.881019,3.78,2.69,10.22
0x05d2A2b05281Fd1E62D383A3eC37311e0dF82374,0.019,77.37,0.00013488,1.87,1.881019,3.77,2.69,10.22
0xb4904fED2FfEd897FDFcb0c8Cc4D3E2f6C98C830,0.019,81.00,0.00012862,1.87,1.881019,3.77,2.69,10.21
0x8a592Ab18cf5e36d4D5E4d848cAe1B69996D6456,0.019,78.18,0.00013680,1.86,1.881019,3.77,2.69,10.20
0x857C6f9490E945532B7b2C65D922098FA88De2b6,0.019,79.57,0.00013415,1.86,1.881019,3.76,2.69,10.19
0xE7b974A194A0E6CAaFeE2B3526aeE0503DB59FC5,0.019,79.27,0.00013253,1.86,1.881019,3.76,2.69,10.19
0x5dba1E4665CFe08EC8Be5Cb5669a0B52dfe563FD,0.019,77.21,0.00013450,1.86,1.881019,3.76,2.68,10.19
0x98cA1fb488c76337C4aef26eff0A7C9d886F6104,0.019,79.37,0.00013415,1.86,1.881019,3.76,2.68,10.19
0x1601AbB1780b1148E216997Ab3f6c482c58dB789,0.019,55.24,0.00022328,1.86,1.881019,3.76,2.68,10.18
0x72faC29588345BebCEa6c11D111Ca00bDd9815F3,0.019,83.08,0.00012597,1.85,1.881019,3.74,2.67,10.14
0x2C8ad759B11Ea96bef43c2c2113E598C0265eBce,0.019,79.13,0.00013412,1.85,1.881019,3.74,2.67,10.14
0x8c962d232219Ba491F2099F03E43E29E2CAb7bEA,0.019,74.55,0.00013484,1.85,1.881019,3.74,2.67,10.14
0xcf0fcFf4A5076E6397E2Fb8bFD8C67fB56a2f16C,0.019,77.61,0.00013228,1.85,1.881019,3.74,2.67,10.13
0xD302Bd1281c4E188383c238B19DC63ffD9c62A0e,0.019,73.57,0.00012783,1.84,1.881019,3.73,2.66,10.11
0xB5d9EB43113EC02E6B1E4f131a3c56440Ae41ECF,0.019,79.63,0.00013189,1.84,1.881019,3.73,2.66,10.11
0xd641B64741117d2C948E1C283987c925B5267825,0.019,54.81,0.00022334,1.84,1.881019,3.71,2.65,10.08
0x07B0F8Df7B5919543dcd8a41720B32FD91B4E22C,0.019,17.82,0.00044656,1.83,1.881019,3.70,2.64,10.06
0x07331fa61F38d3CbAB1CDDd9258Aa4433630e689,0.019,42.26,0.00031039,1.83,1.881019,3.70,2.64,10.06
0xe59E4D226534A678F332da249211257D3286A53E,0.018,74.43,0.00013638,1.83,1.782018,3.70,2.64,9.95
0xA6eB571C2B98F0d1BC09f0fbEE2ABde04B99d983,0.018,79.82,0.00012971,1.83,1.782018,3.69,2.63,9.93
0x0a9cAFB53303Ca55114d0E41bB01a79d20D8a9b8,0.018,69.27,0.00015650,1.82,1.782018,3.67,2.62,9.89
0x194Da2B62a9634DECC7d00FbA58f8b7E2650f27f,0.018,72.25,0.00014766,1.81,1.782018,3.66,2.61,9.87
0xB5dB8334134915b62bA4FAA9c05B1CB9CE519C70,0.018,79.17,0.00012965,1.81,1.782018,3.65,2.61,9.85
0x0c3533bD0747Bc9FFb52C471b5b09BbFf4C15879,0.018,79.14,0.00012968,1.81,1.782018,3.65,2.60,9.84
0x8e3f5DD16F4443D3B9B1b6e7d1011E8baf31EB7c,0.018,74.46,0.00013902,1.80,1.782018,3.64,2.60,9.83
0xE1b02a81a0B1Ca8A939970D16319727857a68458,0.018,72.66,0.00012588,1.80,1.782018,3.64,2.59,9.81
0xb90a950e93C652847a55775c28Ac9D1f021Facad,0.018,62.46,0.00017889,1.80,1.782018,3.63,2.59,9.81
0x3Cf47d9616524658A3B811Eb945B9c472Bb8c7dc,0.018,70.68,0.00013451,1.80,1.782018,3.63,2.59,9.81
0xa188aAc2b7e3ccF8167977d19a90B4395c854309,0.018,36.03,0.00044576,1.79,1.782018,3.62,2.58,9.77
0x82A75Acbcb67761e096A35a283E7C6850D38f523,0.018,76.40,0.00013425,1.78,1.782018,3.60,2.57,9.74
0xe0b244654C1000E48713598a382dEEA6c7e861A0,0.018,71.16,0.00014766,1.78,1.782018,3.60,2.57,9.74
0x89dbd4Bb60F58C7cfc0900b445cD4A9D7A27a723,0.018,78.33,0.00012967,1.78,1.782018,3.59,2.56,9.72
0x337ffDe1D7E9428659cff967cA8D86DFE39a769c,0.018,73.31,0.00012628,1.78,1.782018,3.59,2.56,9.71
0x63B40f56c42A8D97E18931b80c8FCA5F8Ad99d2e,0.018,79.11,0.00012741,1.77,1.782018,3.58,2.56,9.70
0x31E808931cCB9C330a5c9F33E3134f5d71C8e5e4,0.018,79.02,0.00012740,1.77,1.782018,3.58,2.56,9.69
0x70fc0F7D5FE9880cAeff72dF736103964a696B9F,0.018,78.89,0.00012719,1.77,1.782018,3.58,2.56,9.69
0xD95E2F0a26ECd0F1c6f6e2E71F2aD00fC36c27Cb,0.018,79.81,0.00012523,1.77,1.782018,3.58,2.55,9.68
0xE4E6b675C396d2A654C06FD645001C4B3834817D,0.018,68.26,0.00014851,1.77,1.782018,3.58,2.55,9.68
0x2aC7C70a047c1dCeD34B9f299aBA324d9D5fEb1A,0.018,79.40,0.00012520,1.77,1.782018,3.58,2.55,9.68
0x95Dc43ac51f37d0eD7f96D15245d09CfD506604f,0.018,70.26,0.00014757,1.77,1.782018,3.58,2.55,9.68
0xCfb0497F25B46a373FCb230dC49b70FF059Bb8D1,0.018,79.58,0.00012446,1.77,1.782018,3.57,2.55,9.68
0x39DAc3142Ac6E9839Cbd0699E7Fee46b2AF15221,0.018,79.45,0.00012447,1.77,1.782018,3.57,2.55,9.67
0x2573D03BAc30b05e9124DA78AeE07e27BfC11a96,0.018,79.00,0.00012517,1.77,1.782018,3.57,2.55,9.67
0x0F496B1727616f4ccFa5Ed99F5Aa17eF31ba68CE,0.018,66.86,0.00015661,1.77,1.782018,3.57,2.55,9.67
0xE10014d49a74dCB80930828bA7bf328cd02bF6Bc,0.018,78.71,0.00012520,1.77,1.782018,3.57,2.55,9.67
0x42981e6e4852b8Ee003337011852727e2508953B,0.018,78.71,0.00012520,1.77,1.782018,3.57,2.55,9.66
0x5552C990762f00E114d42A3A351aD6497939ec72,0.018,71.35,0.00014284,1.77,1.782018,3.57,2.55,9.66
0xEA36AE4a44bF5FF747403aE9879c1a774dE09d2a,0.018,69.84,0.00014099,1.76,1.782018,3.57,2.54,9.66
0xB7d47bde6707102E6a76eCB94637E637Cc7F33Cf,0.018,69.39,0.00014319,1.76,1.782018,3.56,2.54,9.65
0x9608dFd946395A8E8EF5Fe4b9d80b0C3eD7f588E,0.018,77.20,0.00012515,1.76,1.782018,3.56,2.54,9.65
0x1A494ab4e0d5E26E6cA42F7eB6De13cd6b351489,0.018,73.72,0.00013427,1.76,1.782018,3.56,2.54,9.65
0xbe711f51344E0c0AF5C351467f6C3aD29e6E5A32,0.018,72.75,0.00013409,1.76,1.782018,3.56,2.54,9.65
0xef0E6eb9E10675ad77F73aeff9753D34A3402672,0.018,79.46,0.00012118,1.76,1.782018,3.56,2.54,9.65
0xFffcB2252028EB2899263972Af788fe801420440,0.018,73.28,0.00012779,1.76,1.782018,3.56,2.54,9.65
0xe6F13CB0d69B84e99d8a83025FB38EA2d8E1d324,0.018,70.14,0.00014303,1.76,1.782018,3.56,2.54,9.64
0x2e08CBBA9B0dd9435dAf5457b7150a5B9714c7Ef,0.018,68.59,0.00014007,1.76,1.782018,3.56,2.54,9.64
0x80850dC4B7B6E13DD4E4a8244980E1b2059912F1,0.018,67.26,0.00013420,1.76,1.782018,3.56,2.54,9.64
0x344b8C67edFa911D4489C85a4d4Fb239f14e4249,0.018,75.93,0.00012777,1.76,1.782018,3.56,2.54,9.64
0x20fCd1BCA8B112Dc0dD0bf0b44097fd8648b6e24,0.018,69.08,0.00014530,1.76,1.782018,3.55,2.54,9.63
0xE7F50b44E46b880426e0476EF151757db58ea454,0.018,64.74,0.00013418,1.76,1.782018,3.55,2.53,9.62
0xF77a8ba4BB523b59f716ed50d325371c413F18bA,0.018,31.32,0.00044431,1.75,1.782018,3.54,2.52,9.60
0xbC02624fd9f589Ea719761c35Fd1Ad60149fc0D6,0.018,72.67,0.00013430,1.75,1.782018,3.53,2.52,9.58
0xb4aBedf5FcDD7f15262198cb468595161633fee4,0.018,45.86,0.00015655,1.74,1.782018,3.51,2.50,9.54
0xd6a69cfb7ef31b45dC2d86b576597d959e1aBBDD,0.018,70.90,0.00013863,1.73,1.782018,3.50,2.50,9.52
0x302D325256AE0058820352967AAB9795257B8fc0,0.017,70.33,0.00013994,1.73,1.683017,3.50,2.50,9.41
0xc5A8fcB27F841B870B65332a4A6Df59d42383086,0.017,73.77,0.00012523,1.73,1.683017,3.50,2.50,9.41
0x04FadE42905e22803b31F6b0DF7bda1f5a7EA1dE,0.017,69.91,0.00013423,1.73,1.683017,3.49,2.49,9.39
0xf3703a43f614F44882775E0f8F4eB63dB5444a70,0.017,74.29,0.00012963,1.72,1.683017,3.48,2.48,9.37
0xd57d1b82df027c143810587abE315Bc7AB6ca841,0.017,50.83,0.00022331,1.72,1.683017,3.48,2.48,9.37
0x9a42F280ED223319A0594A4E76FabFE064890E8B,0.017,57.93,0.00014768,1.72,1.683017,3.48,2.48,9.37
0xa5c646a304C88051Ca8521D8170520E807A88260,0.017,71.77,0.00013423,1.72,1.683017,3.47,2.47,9.34
0x977d65d54668e48e935B70dA10aDF17eCD54A01A,0.017,70.08,0.00013854,1.71,1.683017,3.46,2.47,9.31
0x5819bAa275Df8Fa83e292077d85B2baB1694C363,0.017,47.76,0.00014753,1.71,1.683017,3.45,2.46,9.30
0x86a5b32C6DA64748A92F95528f9d6A0281334C3C,0.017,75.35,0.00012516,1.71,1.683017,3.45,2.46,9.29
0x56fcfd176dd70397f467a91Df8d0015185bb7187,0.017,69.40,0.00013858,1.70,1.683017,3.44,2.45,9.28
0xd088e2aF43C75856Ae111A56f849E1C8Be2f0864,0.017,74.66,0.00012515,1.70,1.683017,3.43,2.45,9.26
0x7972c7d44569e462246e6691E9Da08b714F05512,0.017,74.57,0.00012515,1.69,1.683017,3.42,2.44,9.24
0x15167affED6ED1D5d070AD2162b167343Ef7Db2a,0.017,78.74,0.00011626,1.69,1.683017,3.42,2.44,9.24
0x2eC3BBD74F7D4EbC0e3255642CeADcd54551673A,0.017,68.48,0.00013860,1.69,1.683017,3.42,2.44,9.24
0x19FC72CC8cBFA3E1fa519196903afa1034bb8965,0.017,69.49,0.00012494,1.69,1.683017,3.42,2.44,9.23
0x612d94A72AcccB2967Dd78f97300BBb9A3cA28fB,0.017,70.22,0.00013411,1.69,1.683017,3.41,2.44,9.22
0x5F880207725c209DB820904bd7A91DB7319c2F30,0.017,70.07,0.00013407,1.69,1.683017,3.41,2.44,9.22
0x0E0553B323D5cf5f4A03c6a43935Cd0bCB5E5102,0.017,65.57,0.00012522,1.69,1.683017,3.41,2.44,9.22
0x1891a057fD6a8fD615D33a0f755881674dC5877d,0.017,77.50,0.00011445,1.69,1.683017,3.41,2.43,9.22
0x599879648cBEC9B691DcE6E803D6094Bf64Ee867,0.017,68.94,0.00013635,1.69,1.683017,3.41,2.43,9.21
0x7D266639eCD3bd87A6fDe6d65CF104DF3cf2AbEA,0.017,67.17,0.00013425,1.69,1.683017,3.41,2.43,9.21
0x8f77404938161C6f956e2c569935cC5FCB3Ae452,0.017,70.09,0.00013311,1.69,1.683017,3.41,2.43,9.21
0x757cDD8E153FCFc1D2d17d27d7f451239Dca70A8,0.017,69.17,0.00012070,1.69,1.683017,3.41,2.43,9.20
0x0A84f6331A04988177A984B07B2E1759E063303A,0.017,79.45,0.00011179,1.69,1.683017,3.41,2.43,9.20
0x9352E487Ef4700DD8557869ed551A39d1bb7D6c3,0.017,69.33,0.00013416,1.69,1.683017,3.41,2.43,9.20
0x526749BE8515c7537E402f65035B2aAe99277951,0.017,66.70,0.00013415,1.69,1.683017,3.41,2.43,9.20
0x687e6d1d96a8cc4dAf7B6776F92806806c62566F,0.017,78.72,0.00011179,1.69,1.683017,3.41,2.43,9.20
0x4FfCc339730A09428f0387691c9AF4a07e59890F,0.017,61.52,0.00015653,1.69,1.683017,3.40,2.43,9.20
0xd728444a5bc872840301754db31078eBB390fd81,0.017,69.18,0.00013414,1.69,1.683017,3.40,2.43,9.20
0x236f4EF18f65E637F4474B5F54C627F884F3CfA1,0.017,69.48,0.00013329,1.68,1.683017,3.40,2.43,9.19
0x43A5154896C217668AD4bF021418517740569e27,0.017,69.15,0.00013414,1.68,1.683017,3.40,2.42,9.19
0xfdA2B70e88EB6b4314fD433832Aa35CF4Eb54447,0.017,69.14,0.00013414,1.68,1.683017,3.39,2.42,9.18
0xa6B8eB38410321B708142034e9A3b89a0D3cf6A1,0.017,69.08,0.00013413,1.68,1.683017,3.39,2.42,9.18
0xA7161d4db184467f05879F6Bb632F10CA1ccA17D,0.017,60.88,0.00015653,1.68,1.683017,3.39,2.42,9.17
0x2a98cAEAdfA7DC86619331692400E87F46CE0815,0.017,74.70,0.00012073,1.68,1.683017,3.39,2.42,9.16
0xaEDEA7021a9023D9faf7631728522df29F357F91,0.017,69.46,0.00013248,1.68,1.683017,3.38,2.42,9.16
0x24a896304BEF0763AD510E60a1eBc99dAFEDC3b2,0.017,74.35,0.00012069,1.67,1.683017,3.38,2.41,9.15
0x7A398a3c39965561ADa962494C18452032Bd5b9a,0.017,25.49,0.00044600,1.67,1.683017,3.37,2.41,9.13
0xdF2120120a77591353EB24c25E6d78Fa64ef2965,0.017,68.83,0.00013183,1.67,1.683017,3.37,2.40,9.12
0xEEF825c114769a9be2f7ad4E1467D3EaB4831611,0.017,63.58,0.00014761,1.67,1.683017,3.37,2.40,9.12
0x712A39d0Dda2ebD9D8e2D78E34D5241c43F94BAb,0.017,69.13,0.00013055,1.67,1.683017,3.36,2.40,9.11
0xe4Af98098148600Fa0678Ff8da52F2594BCF1103,0.017,40.05,0.00031213,1.66,1.683017,3.36,2.40,9.11
0x242384E48C874Dd64eC510e737a887E8067d1152,0.017,50.06,0.00020985,1.66,1.683017,3.36,2.40,9.10
0x0066B241763f9Dd614A9Ab954932E9d8e1B14db3,0.017,62.62,0.00012070,1.66,1.683017,3.36,2.39,9.09
0xeB0E6D2C35833Ca44B99452084f724B776E42586,0.017,68.99,0.00012964,1.66,1.683017,3.35,2.39,9.09
0x92929142d51F5c6083ec30bAd8722f16f407517f,0.017,64.31,0.00013408,1.66,1.683017,3.35,2.39,9.07
0xD7fEdD2fB27337Fbe535eDef27FFF006955289ad,0.017,64.87,0.00013976,1.66,1.683017,3.34,2.39,9.07
0x0F0e6bc377de8955F1230Eb02E709Ed11B5885b5,0.017,67.99,0.00012968,1.65,1.683017,3.34,2.38,9.06
0x012718fd6FbbA69dAcC7B975b7E2485580e58A16,0.017,64.63,0.00013887,1.65,1.683017,3.33,2.38,9.04
0x10C427F9657177122d7111eBE1e26AFeF4d403A1,0.017,45.91,0.00022327,1.65,1.683017,3.32,2.37,9.02
0x25801de448d83044a7e19b7853Ce7427Ed8674d8,0.017,47.98,0.00021883,1.65,1.683017,3.32,2.37,9.02
0x453de6467c5162dc5545c839C46943F318F2d64C,0.017,70.43,0.00012295,1.65,1.683017,3.32,2.37,9.02
0xBeCeB91c8cA1CC72f25437e189B632eB53aB014B,0.017,66.67,0.00013244,1.64,1.683017,3.32,2.37,9.01
0xaD42349B08A3d2c79a51B887D512aF63b4021285,0.017,61.06,0.00014885,1.64,1.683017,3.31,2.36,9.00
0x1ae3f9fA7916C09B543378baD900Fe203Ce8c4A7,0.017,65.61,0.00013425,1.64,1.683017,3.31,2.36,8.99
0xBE7d7f11F44cE571E9D5bD2c6b806eB6fc3132D9,0.017,67.20,0.00012977,1.64,1.683017,3.31,2.36,8.99
0x9c24356588D0411CCF6903Ab7a708AF7f0eDC844,0.017,46.27,0.00013417,1.64,1.683017,3.31,2.36,8.99
0xD3d6546F4da39b159bEb852652988C6b4AEEf069,0.017,68.74,0.00012517,1.63,1.683017,3.30,2.36,8.98
0xb8844064125A421782999e40B29c39DA1B7DdED1,0.016,64.80,0.00013425,1.63,1.584016,3.29,2.35,8.85
0xFE0f6e6F20EB22dD49aB28b672E3D29684AB6Ede,0.016,59.27,0.00015189,1.61,1.584016,3.26,2.33,8.79
0xD2e272E03843cc4b7C18ad329977699936BA40c7,0.016,60.94,0.00014572,1.61,1.584016,3.25,2.32,8.77
0xEc60572B1Fc4fBAe15e8b14A4FaC499E886357A5,0.016,67.32,0.00012753,1.60,1.584016,3.23,2.31,8.72
0xE0BBab118620Ec156063366140cFcdfb137099D4,0.016,65.84,0.00012739,1.60,1.584016,3.22,2.30,8.70
0xd633700DF9282473e42a6B484b6e455293213C0F,0.016,68.46,0.00012336,1.59,1.584016,3.20,2.29,8.66
0x232ba46bc8FB9a6fe5e85a67c89620EeAe9fe823,0.016,66.68,0.00012752,1.59,1.584016,3.20,2.29,8.66
0xc307b05992A71a9EA2CF20D6fe9EB4Cad7d10CB2,0.016,68.40,0.00012291,1.58,1.584016,3.20,2.28,8.65
0x1baC1B022Fb7FA98E6cF1298604248d72824a249,0.016,53.66,0.00013416,1.58,1.584016,3.20,2.28,8.65
0x336F85B5cCC5B48fb83adC143b1Bbde08E17F3aE,0.016,66.56,0.00012751,1.58,1.584016,3.20,2.28,8.65
0x5BBdDBb6e55946022d404A1Cf2Cd103D6BcdA016,0.016,65.84,0.00012515,1.57,1.584016,3.18,2.27,8.60
0x4E68375abf28BF43c6013019f9649FB00c6D94EF,0.016,68.50,0.00012202,1.57,1.584016,3.18,2.27,8.60
0x7952bfD48001c6B627B3Bd993d2788cf00A30887,0.016,67.88,0.00012295,1.57,1.584016,3.17,2.26,8.58
0x3A7c25D88eCb77e68Ee87715E7dB2d7801de5ce2,0.016,57.62,0.00013422,1.56,1.584016,3.15,2.25,8.55
0xcD19B3b15fEa69C0d0E41586a9eF52b345bd631c,0.016,67.59,0.00012201,1.55,1.584016,3.14,2.24,8.52
0xde168E984558f97FA7f27C9e4d79C095F5f2c198,0.016,65.94,0.00012750,1.55,1.584016,3.14,2.24,8.51
0x3bB9891F7BE3731F3955965b84433bc3b94C08c8,0.016,68.16,0.00012160,1.54,1.584016,3.12,2.22,8.46
0xeE5032cd6E2F3E287B9e1Ac5Ff0611CB3B8D65a9,0.016,48.22,0.00020095,1.54,1.584016,3.11,2.22,8.45
0xBB46D6f24c2e485dF170A6cE3670652BD0E865Ac,0.015,48.71,0.00014763,1.53,1.485015,3.09,2.21,8.31
0xE2eE3F1A359dAd3Db19c1d45bCF7de0B05672da5,0.015,56.88,0.00015624,1.52,1.485015,3.08,2.20,8.28
0xb377F94d917C787B0e87074a658AA7CF567C1998,0.015,58.52,0.00013421,1.52,1.485015,3.07,2.19,8.26
0xC1e383DcB97BD975E95EC94E38c4748d5e6EE3E1,0.015,52.02,0.00017841,1.52,1.485015,3.07,2.19,8.25
0x334267CA72Efa0B645287e40C68C3b56e980C8Bc,0.015,50.19,0.00018286,1.51,1.485015,3.04,2.17,8.21
0x31bc063725E521e36fEF8B725C221e4716c86758,0.015,48.83,0.00017850,1.50,1.485015,3.03,2.16,8.17
0xAd5b4C17557FF2fEC0699f3F7B3C2C6834671E56,0.015,56.00,0.00015625,1.50,1.485015,3.02,2.16,8.16
0xe82c13d39BE93418782dFB7735430D69846F13FA,0.015,36.59,0.00015659,1.49,1.485015,3.02,2.15,8.15
0x83D03880eBDE97038755293773Ff64D930477ee7,0.015,59.24,0.00014280,1.49,1.485015,3.00,2.14,8.12
0x632234E6349E7ceed03eeF2BA8EDEeD6BA997837,0.015,60.06,0.00013417,1.48,1.485015,2.98,2.13,8.08
0x3885253C88390F4b7f132ba829f2483467F3bF5D,0.015,41.96,0.00022329,1.47,1.485015,2.97,2.12,8.05
0xaA3A946bfa36269DD028d9808b51C6140956dCA8,0.015,46.75,0.00014788,1.45,1.485015,2.92,2.08,7.93
0x808939A951b0C20d356febf1aBE04aC9569BDED8,0.015,50.47,0.00013423,1.44,1.485015,2.91,2.07,7.91
0xFb42bEcEdE0a5eB0aD33ea07E2165a87b584c0CD,0.014,50.58,0.00017866,1.43,1.386014,2.90,2.07,7.79
0xD49011E587fedE96B7A62f731aE012f4BFE58cBb,0.014,58.32,0.00014285,1.43,1.386014,2.88,2.06,7.75
0xDD2b4f610B5174284603DFc3A2C914E9d4dfF77a,0.014,80.65,0.00008976,1.43,1.386014,2.88,2.06,7.75
0x5B06b5623bDd11CeC49826f09c1CA935cBe4056B,0.014,78.62,0.00009167,1.42,1.386014,2.87,2.05,7.73
0x0D18c6D0265178580D0f76e05eB8366dE5E540C8,0.014,68.35,0.00011173,1.41,1.386014,2.85,2.04,7.69
0x1039793Ff058CaB4B0661C6199026e636b2861Db,0.014,40.78,0.00025861,1.40,1.386014,2.82,2.01,7.62
0x28e95Bb1384D287A416cEec002cE03B2Fdc4d106,0.014,57.07,0.00014166,1.40,1.386014,2.82,2.01,7.61
0xb8d4eD26B2415FB8ee93aB8fd17cE490Ba0Bb3F5,0.014,48.98,0.00017862,1.39,1.386014,2.81,2.01,7.59
0x92C01D54A7268943Bab5991faA95a1Af2cCB320F,0.014,34.67,0.00026381,1.37,1.386014,2.77,1.97,7.50
0x40fbA1F4f18ff7Df5CCa51fF416682eF82a87C7E,0.014,39.28,0.00013413,1.37,1.386014,2.77,1.97,7.50
0xc73622FFf7A789B014926926533Fb93278816b49,0.014,55.94,0.00013884,1.35,1.386014,2.74,1.95,7.43
0x525B33c34ce1F2457843fCF52DD9334aD8B3f523,0.014,55.98,0.00013839,1.34,1.386014,2.71,1.94,7.38
0x63b87F927a52A281FE5E41a7A092e7de3eF22656,0.013,37.92,0.00013413,1.33,1.287013,2.69,1.92,7.23
0x3Fe813c775055ACdDdD0F79476f14B4581b24a18,0.013,72.93,0.00014070,1.32,1.287013,2.67,1.91,7.19
0x24C929A134E89FbB2C059c8484A3455C988B3C87,0.013,35.32,0.00013867,1.32,1.287013,2.67,1.90,7.17
0x47130838a19308DcdfeD8B553CA056c5c6199B06,0.013,72.38,0.00008949,1.32,1.287013,2.66,1.90,7.16
0x01d27aCC9535F0EA93a9564D4aC77dc2a60857d1,0.013,72.76,0.00008950,1.31,1.287013,2.66,1.90,7.15
0x4c6806D915a0DfDc44233f5e8B00B84AF621eAff,0.013,62.07,0.00008942,1.31,1.287013,2.65,1.89,7.15
0x5bc7fd0e03c5F74Cff99Ce0bC30cc853763D2D4B,0.013,61.46,0.00008943,1.31,1.287013,2.65,1.89,7.14
0x8f49969152281288ceD000beE2A916277940523B,0.013,47.42,0.00014284,1.30,1.287013,2.62,1.87,7.07
0x5A85F12080d4621862c6D0CdADF31bE9d14f1Cf3,0.013,47.10,0.00014727,1.29,1.287013,2.61,1.86,7.04
0x7E5dF4294534C3C7C5dbdCa4fC87D65750F6f360,0.013,47.23,0.00015630,1.28,1.287013,2.58,1.84,6.98
0xb1ba33bf744af5F5C8E0b05e9c1F1Cd9141984E7,0.013,75.59,0.00008270,1.27,1.287013,2.57,1.83,6.96
0xE367f4526451a17a1e51765902E431794B1B67cF,0.013,48.43,0.00015626,1.26,1.287013,2.55,1.82,6.92
0x00E95cB1CE8Fa5CBD8398e2cD23aEa89BcD3B7e6,0.013,49.50,0.00015264,1.26,1.287013,2.55,1.82,6.91
0x739d486C2c7E680D70B7C5205Ab8834A2Bd0D329,0.013,34.30,0.00013424,1.25,1.287013,2.53,1.80,6.87
0xBeB3Ca2132835597cee82CF92f3C89e1A145E35f,0.013,30.90,0.00014753,1.25,1.287013,2.52,1.80,6.85
0x400f20b52547f50F177F7716829162903B032865,0.013,51.45,0.00014052,1.24,1.287013,2.51,1.79,6.83
0x366E79a898439D53EA00b4c9C8f3C12C632C36B6,0.012,50.80,0.00014291,1.23,1.188012,2.49,1.78,6.69
0x44f00124e6085dD3ffF5F4F8FaAE604675C65d05,0.012,74.78,0.00008045,1.23,1.188012,2.48,1.77,6.67
0x38d781d870663362dF45B7D059e583ff70108DfF,0.012,37.39,0.00024521,1.22,1.188012,2.47,1.76,6.65
0x040a7454602d09307815CF87031D1d32be47CCF2,0.012,70.06,0.00008714,1.15,1.188012,2.33,1.66,6.33
0xad409097ec49324aD67dc95BCFCb89C62DBDE9B8,0.012,66.37,0.00009263,1.15,1.188012,2.33,1.66,6.33
0x726274dA5e6A70c9FD60599736409B7737d11EDC,0.012,48.50,0.00014872,1.15,1.188012,2.32,1.65,6.30
0x99918c6454945819D60182Fcadd07319818D5e61,0.011,43.50,0.00017840,1.13,1.089011,2.29,1.63,6.14
0x40715604c1BA1E43A2fEF7A1852c76e6aD632C02,0.011,51.15,0.00013394,1.13,1.089011,2.28,1.63,6.13
0x14ab0d3665e5d2A29F910eE0417b9Fa9f62537b7,0.011,47.24,0.00015183,1.13,1.089011,2.28,1.63,6.13
0xc0F8dB4f5760f839DEe95D98EABA38b41AD8d378,0.011,41.30,0.00017839,1.13,1.089011,2.28,1.62,6.12
0xDDF23D4Af5847B4330fcb0F060f79Ef451dDa34f,0.011,47.12,0.00014736,1.10,1.089011,2.23,1.59,6.00
0x0b0CB9D19Ca7D6f3B42D31a52906130eACf29992,0.011,68.18,0.00008940,1.09,1.089011,2.20,1.57,5.96
0x79eBD917eFb9F27Bcb7F7D5BCc89b9127f984779,0.011,46.38,0.00014738,1.04,1.089011,2.10,1.50,5.73
0x61De6Aa0709D2217EEb4B0e25903D14224C8604D,0.010,43.94,0.00018735,1.04,0.99001,2.10,1.50,5.63
0xC36B026E8dBe684c4059dD9C280CbcfF793C74B4,0.010,35.59,0.00022275,1.04,0.99001,2.10,1.50,5.63
0xf92C25D76b3b1329Ae61b398A890f1484b31e045,0.010,76.40,0.00006936,1.03,0.99001,2.08,1.49,5.59
0xc7C1303EE861e761Fea83376f6B7eD22650F19a1,0.010,36.84,0.00022288,1.03,0.99001,2.08,1.48,5.58
0xa69Ec6A9c4f2416318cCe8d1FdDFe06ed97674c5,0.010,47.46,0.00013845,1.01,0.99001,2.05,1.46,5.51
0x3C61d8de93a5b68369965E8B7f2f67CF65c2789C,0.010,62.04,0.00008942,1.01,0.99001,2.04,1.45,5.49
0x3ebcAe88acbAc546681663e1b84e9C23165Da618,0.010,44.26,0.00015166,1.00,0.99001,2.02,1.44,5.44
0x159d9cE8941c8A258a0672B34a3C00B3ed9c0EA0,0.010,45.04,0.00014519,0.99,0.99001,2.01,1.43,5.42
0x93bd754ef78F2D1Cb4724618F61258Bb18f68314,0.010,63.19,0.00008054,0.96,0.99001,1.93,1.38,5.26
0x43061e19787Ca02D9044D50ed2adE6B4D7d94A0D,0.010,44.11,0.00014943,0.94,0.99001,1.91,1.36,5.20
0x49fD56971Ad196268FB26d9a46D6E2F3efA9ee9e,0.009,58.43,0.00009371,0.93,0.891009,1.87,1.34,5.03
0x792Cf4C7A525C291bC9B4E036F1832f99a7e351B,0.009,68.15,0.00007600,0.92,0.891009,1.87,1.33,5.01
0x114DbB645C7466Ef0175ed93CEc0aaD84fe8096b,0.009,74.69,0.00006705,0.91,0.891009,1.83,1.31,4.94
0xedae23E2648c19EeD497eA94FbA55C2ce1899283,0.009,41.28,0.00014737,0.88,0.891009,1.77,1.26,4.80
0xA0807AA27d359eab65000f51fA57105b014F7630,0.009,32.88,0.00011228,0.87,0.891009,1.75,1.25,4.76
0xA3B060C6A30EF9134DB354F5A97f8BeceF87c60f,0.009,44.03,0.00014718,0.86,0.891009,1.74,1.24,4.73
0x898da517B41EA737338A5169a4b6D6513f93081f,0.008,70.25,0.00007155,0.84,0.792008,1.70,1.21,4.54
0x957f2B066409982D13614481f563Eff07b764Dec,0.008,43.37,0.00015076,0.82,0.792008,1.66,1.19,4.46
0xb5eBe1Ba63F3E3e533A0FB38134CdD56f7fc8607,0.008,43.92,0.00014718,0.82,0.792008,1.66,1.19,4.46
0xc602D50ffC9c127212Cf632ea0C5232c9eeDD039,0.008,74.08,0.00006616,0.82,0.792008,1.66,1.18,4.46
0x4bAcb7B58D98a0Cf46042B0E0b0a63BA7aC4e734,0.008,32.39,0.00011182,0.82,0.792008,1.66,1.18,4.46
0x40de17bB9AC0E9EE705eb402Cd364e39bb78ba80,0.008,43.03,0.00015164,0.82,0.792008,1.66,1.18,4.46
0x054C752c39EC84C0f0C87438498B6ad5A130e562,0.008,39.40,0.00015273,0.81,0.792008,1.64,1.17,4.42
0x5e2166D4AA367913077D1Bd947200070a0DEeaFA,0.008,44.41,0.00011158,0.81,0.792008,1.64,1.17,4.42
0x66DA7f1056C459e734a7111d723A332D790B1CE6,0.008,76.21,0.00005814,0.81,0.792008,1.63,1.16,4.39
0x9dAAbcf1dfeBB73377C01a9b75aeaf2a7A620529,0.008,68.80,0.00006214,0.80,0.792008,1.62,1.16,4.37
0xbEA7802DDE89605ffF2d1aa61b721A2b1DA57034,0.008,70.77,0.00006265,0.80,0.792008,1.62,1.16,4.37
0x9c31821A0BDAd84567963507cCd634A067eCe7d6,0.008,38.08,0.00015164,0.80,0.792008,1.62,1.15,4.37
0xf8b73B5Be7a53d55B2Bfde28F6e1dec06104D188,0.008,72.08,0.00006265,0.80,0.792008,1.62,1.15,4.36
0xCeF2209ba41962723EeE972Fbc015FaE348554F9,0.008,57.00,0.00008481,0.80,0.792008,1.62,1.15,4.36
0x746eFb00f397ea22497345d6cEF8A161d1e498D0,0.008,51.01,0.00006705,0.80,0.792008,1.62,1.15,4.36
0x4fcCC4cbE18db8190b09f2b31deC398E5D236B8A,0.008,61.52,0.00006706,0.80,0.792008,1.61,1.15,4.35
0x494e58C873a1888ee004a89CCf1e6Ef2D43DB5D3,0.008,80.88,0.00005031,0.80,0.792008,1.61,1.15,4.35
0xa4aC7205D57194547b18021127ceF8DEcF076387,0.008,38.87,0.00015609,0.79,0.792008,1.60,1.14,4.32
0x1Dffa239754417211541714BfBACD1a4b3f3D872,0.008,80.45,0.00004842,0.78,0.792008,1.58,1.13,4.29
0x22bCd1eaafE1a96426bae6ef18dc0921a0b48953,0.008,79.47,0.00004919,0.78,0.792008,1.58,1.13,4.29
0xC85990D3E3B898DB6Bc8516A82C7ca6534AA170F,0.008,79.40,0.00004919,0.78,0.792008,1.58,1.13,4.29
0xA74d78caE00a164304F4729843266AD9279D2631,0.008,79.38,0.00004919,0.78,0.792008,1.58,1.13,4.28
0x36F12Da92c05Ac7e266761999a0FE336c559BeB8,0.008,79.38,0.00004919,0.78,0.792008,1.57,1.12,4.27
0x6b58a0684f55b983325C49AA4a721a389fD79eBb,0.008,37.56,0.00016050,0.78,0.792008,1.57,1.12,4.26
0x42abCB73f4b6629c263Ea0d9f277D0C2E62a9b43,0.008,78.76,0.00004919,0.77,0.792008,1.56,1.11,4.23
0x383a6B5e4B5d087CDa42eCaCd17484cD2343cF46,0.008,63.37,0.00006264,0.77,0.792008,1.55,1.10,4.21
0xEc96B01A89a303A88b596179C909EC5e86c79E0E,0.008,69.45,0.00005815,0.76,0.792008,1.54,1.10,4.20
0xd7a3c12497f4dBf591de17f7A47417593C8B0daa,0.008,48.40,0.00006037,0.76,0.792008,1.54,1.10,4.20
0x3411D364e0CDaDE46B5c3fA4Bc1eCc6b38ECEa7d,0.008,75.94,0.00004918,0.76,0.792008,1.54,1.10,4.19
0xAf40A2a3089F7BaB29d02B02f44F1A297d627c99,0.008,70.67,0.00005589,0.76,0.792008,1.53,1.10,4.18
0x72A790392BF0FcDDF097DC755A2C39f6A55d1a25,0.008,80.42,0.00004617,0.75,0.792008,1.52,1.09,4.16
0x4CB6bdD49372E998b1DbFaB47ad78Bfa9d15CaD1,0.008,35.26,0.00015609,0.75,0.792008,1.52,1.08,4.14
0xD1DCf8022f8e86c215D2f63fd49EDC86B0119F44,0.008,76.44,0.00004923,0.75,0.792008,1.52,1.08,4.14
0x3Dd58278f69B07BB4fb39F127A42C6F8A9b3595A,0.008,64.05,0.00006275,0.75,0.792008,1.51,1.08,4.12
0xD5dC2C8963DD02E6003a59BB5AD8697b76b72e21,0.008,73.11,0.00004921,0.75,0.792008,1.51,1.08,4.12
0x9E7530B8547ECB4db74106651a6eAEd26976Ed33,0.008,78.77,0.00004695,0.74,0.792008,1.50,1.07,4.11
0x1401a0684a6035FD1DF77f186B23211C88867F6F,0.007,80.02,0.00004535,0.74,0.693007,1.50,1.07,4.00
0x46d9069aeF27E394D14f5b882699CF17c39Eed9D,0.007,79.23,0.00004535,0.74,0.693007,1.49,1.07,3.99
0x95A657514E1272E41941eE390c7e8D0C663Cc57A,0.007,77.72,0.00004650,0.74,0.693007,1.49,1.06,3.99
0x2b5F0101e5b1cC3957A54d71C266A2213077340c,0.007,80.25,0.00004525,0.74,0.693007,1.49,1.06,3.98
0x8403827b6756A73DA82774ed32D18E3b3c5f483a,0.007,67.72,0.00005498,0.74,0.693007,1.49,1.06,3.98
0x2cd49671453409731418462FD6BBeCed2e1210EB,0.007,76.40,0.00004631,0.74,0.693007,1.49,1.06,3.98
0x532f85cb00D54934052323426ef20cDB878B0aE9,0.007,49.61,0.00008926,0.74,0.693007,1.49,1.06,3.97
0xA3cE839bB269201bfABe1CCf411F46EBCc840232,0.007,79.13,0.00004515,0.73,0.693007,1.48,1.06,3.97
0xB3dC69a21F8c636F7d207AD740Cc6d0358618e78,0.007,79.43,0.00004472,0.73,0.693007,1.48,1.06,3.97
0x4a30fF2AFa25809A48Efe6d3C8D1a0F49cF687F0,0.007,79.33,0.00004471,0.73,0.693007,1.48,1.06,3.97
0xAD19D7A1acEf592DA5Fd3De8D203E81007Bae086,0.007,71.35,0.00005145,0.73,0.693007,1.48,1.05,3.96
0x23454C96f7058251895A8D0101B267d531B288b9,0.007,79.13,0.00004471,0.73,0.693007,1.48,1.05,3.95
0xbc6A778033E2e4A0e088FC840e1FDac9Bc6Cf816,0.007,78.43,0.00004471,0.73,0.693007,1.47,1.05,3.95
0xd77a21C92c8E859fE89ce42D7E9abd9454237De5,0.007,73.09,0.00004648,0.73,0.693007,1.47,1.05,3.94
0xA81280e0946a018DeB5deBBfbBc37069fb1F03d8,0.007,70.90,0.00004694,0.73,0.693007,1.47,1.05,3.94
0x39046678fE425430Ac467094D46aA0Ba376B3f16,0.007,78.70,0.00004471,0.73,0.693007,1.47,1.05,3.94
0xa12bfe498b9b7DE716A620c46Bad32F179e2ef2f,0.007,78.63,0.00004472,0.72,0.693007,1.46,1.04,3.93
0x2bC9550f34689CEAE8Dabfe66419684561353b04,0.007,78.56,0.00004472,0.72,0.693007,1.46,1.04,3.92
0x6972592BCB8Adbaa811b81f4E2A72977f7EDA866,0.007,78.53,0.00004471,0.72,0.693007,1.46,1.04,3.91
0x94FEFAA10D5bE6DA4e3F706668638ea4f438C4f6,0.007,75.84,0.00004515,0.72,0.693007,1.46,1.04,3.91
0xB51a4e5d6C6Bd24B2ECB67Bb1C8918eF49549Ae8,0.007,77.90,0.00004471,0.72,0.693007,1.45,1.04,3.90
0xb1D6e1F17Be8E272E063Ab481b3c3FbC178b28B2,0.007,38.84,0.00013379,0.71,0.693007,1.44,1.03,3.87
0xC9dD69425DDCf1084A2c1918A5FcD2592173FD8f,0.007,77.47,0.00004471,0.71,0.693007,1.43,1.02,3.86
0x99216CAc9c8370CAD13Ff05c10F2ebd561162f1a,0.007,74.55,0.00004694,0.71,0.693007,1.43,1.02,3.85
0x0268cF4f1aA05d13eb6f7064aD80ce3E446D6475,0.007,74.54,0.00004694,0.71,0.693007,1.43,1.02,3.85
0x6fCf2a220Bf948874D3996102B0A977Dc5CB46Cf,0.007,75.66,0.00004470,0.71,0.693007,1.42,1.02,3.84
0xb9C4449f4238A893b91C3692A159850b1B36ECF2,0.007,77.50,0.00004472,0.70,0.693007,1.42,1.01,3.83
0xab5f5AF8ca8a8eCefDf65550d69B6a3Cc9A49c4d,0.007,73.72,0.00004694,0.70,0.693007,1.41,1.01,3.82
0x087Dedd0793dc53791851B860596B3DF891c9838,0.007,48.35,0.00008931,0.70,0.693007,1.41,1.01,3.82
0xCf1C4e49E13F695a396db271782c557905f57a6F,0.007,75.89,0.00004471,0.69,0.693007,1.40,1.00,3.78
0x469c840E1C284d531461354505dc3Dc27227B15f,0.007,47.21,0.00008931,0.69,0.693007,1.39,0.99,3.75
0x9A06eCBCe867074CB8F03881c81794Db2939768d,0.007,36.62,0.00014710,0.68,0.693007,1.38,0.98,3.73
0x2D48b37751c238f876364ff9F0F4D1279393bFEF,0.007,71.32,0.00004922,0.67,0.693007,1.36,0.97,3.70
0x06FD742936074bE2C3709B46868fFFDd3BEdd866,0.007,75.30,0.00004473,0.67,0.693007,1.36,0.97,3.70
0x78e29D0aA06F22fE5A3F6b71B90f7a37a63b7F9A,0.007,66.91,0.00004535,0.67,0.693007,1.36,0.97,3.69
0xbf87D8159b9D72F8e0Ab41aE67daa5C9586Ed2E2,0.007,76.18,0.00004475,0.67,0.693007,1.35,0.97,3.68
0x1B36C5eA0180bC0faE1952D8478Fa026C5290421,0.007,47.54,0.00005366,0.67,0.693007,1.35,0.96,3.67
0x94808379b4148f3266650f7E800D0AdD6B2a5e0c,0.007,73.85,0.00004473,0.67,0.693007,1.35,0.96,3.66
0x96f249ED697Aefb012fDba159360c69871cC2A76,0.007,74.63,0.00004475,0.66,0.693007,1.34,0.95,3.65
0xd767404559677234F29Deaef5f0edAB214F1F1Ea,0.007,69.86,0.00004918,0.66,0.693007,1.34,0.95,3.64
0xb9791EB6B1D30c81788b921683B521d849Af75a9,0.007,74.90,0.00004470,0.66,0.693007,1.33,0.95,3.63
0xc51C9fBbD3d357D5B0715E51BE2B4633DFcD60a2,0.007,72.13,0.00004699,0.66,0.693007,1.33,0.95,3.63
0x7A23408a4f4658980bc4Ca42161FA0Cd8FeFD2b6,0.007,74.82,0.00004470,0.66,0.693007,1.33,0.95,3.63
0x9E8A903f80b58f5FBbBf4913e528be5C043aF5Ed,0.007,72.88,0.00004610,0.65,0.693007,1.32,0.94,3.60
0x709C4e0e21D6419371060802746541a777314291,0.007,68.39,0.00004916,0.65,0.693007,1.31,0.93,3.58
0xEd9bA552A57277f3794B3538456d3a4C56209b32,0.007,70.05,0.00004826,0.64,0.693007,1.30,0.93,3.57
0x24083D844716eF1EB16AF16C54743C39DB5EBfa7,0.007,74.00,0.00004474,0.64,0.693007,1.30,0.93,3.57
0xDE18da3c34d722DcC6eB72dB4D955a1498105355,0.006,71.04,0.00004698,0.64,0.594006,1.29,0.92,3.44
0x8d655702577D850E46a2bD778Fe397917040318E,0.006,58.11,0.00004917,0.63,0.594006,1.28,0.91,3.42
0x3893755f9dd2aEff35f51c7e60EFd915E3Bb0887,0.006,72.97,0.00004477,0.63,0.594006,1.28,0.91,3.42
0xE8277F8bc6B4D0eF0615Cb14688388FE92aB5523,0.006,70.31,0.00004739,0.63,0.594006,1.28,0.91,3.42
0x46bC1Ee969fAC56aF774925b2770df059DbC90F4,0.006,71.35,0.00004608,0.63,0.594006,1.27,0.90,3.39
0x5043CdDD92cacc6C82963B941A28666d1568d167,0.006,70.21,0.00004694,0.63,0.594006,1.26,0.90,3.39
0xf07f39c54C06049AA6deda84Bf2531Cd659407f7,0.006,62.15,0.00004472,0.62,0.594006,1.25,0.89,3.36
0x4Df1AD048308B6E30D34A3894aeFbAd3a18B6f27,0.006,72.45,0.00004475,0.62,0.594006,1.25,0.89,3.36
0xD6BF5fa70E944F755566F79f08f542265f910508,0.006,72.27,0.00004475,0.62,0.594006,1.25,0.89,3.35
0x69795d267fAd3889c4Ec76B10F04af09104055A0,0.006,68.09,0.00004609,0.61,0.594006,1.24,0.89,3.33
0x88907875eC189d20689F1c3fcB6b0b3d1aC2d400,0.006,62.83,0.00004917,0.60,0.594006,1.21,0.86,3.26
0xAaf6C371739851bab9C4b6e6cFBD45B2BAd32155,0.006,68.23,0.00004828,0.60,0.594006,1.20,0.86,3.25
0x9f7113B92D0637a418E5E06A8CE766465F901EE6,0.006,66.72,0.00004922,0.59,0.594006,1.19,0.85,3.23
0x999Ba128d1456Ee2169638DDcCD4028D84193760,0.006,67.35,0.00004470,0.58,0.594006,1.18,0.84,3.20
0x18135D7a890c1246d64B12a009C1fF780cEee71b,0.006,55.52,0.00004922,0.58,0.594006,1.17,0.84,3.18
0xF07828f3534E49fb9fBE90DAb53F98ed48C131b7,0.006,71.21,0.00004475,0.58,0.594006,1.17,0.83,3.17
0x84AD1Cc263FD714f84b4fFf358e58d2332E99703,0.006,68.71,0.00004641,0.58,0.594006,1.17,0.83,3.17
0x9AcE721A0861aba6e912342BBC6e3492c31f72ba,0.006,70.22,0.00004470,0.57,0.594006,1.15,0.82,3.14
0x92757E7bc04CC00baF904657AD4a7e2f507569cB,0.006,70.08,0.00004469,0.57,0.594006,1.15,0.82,3.12
0x45511Fce841b6D4Ee3c8F97355a4c37f0412E24c,0.006,70.00,0.00004468,0.57,0.594006,1.15,0.82,3.12
0x5a7E5D413f5c7801Da89Fe780417134Dba13f058,0.006,67.15,0.00004698,0.57,0.594006,1.14,0.82,3.12
0xE5F6Ffe955448E7F59dE8e28E1e841b3e654943e,0.006,54.71,0.00004471,0.56,0.594006,1.12,0.80,3.08
0x50F8d3bd8b3E02254BA2E092eb0d73f4ccaed4bD,0.006,68.98,0.00004471,0.55,0.594006,1.12,0.80,3.07
0x18FfEf2Acc52f74b6b5b1F581bbaF1683Cdc5560,0.006,63.91,0.00004929,0.55,0.594006,1.11,0.79,3.04
0x5f0A7106391d1B5E54F32F64374F50A7CD5DFF10,0.006,67.57,0.00004474,0.55,0.594006,1.10,0.79,3.03
0x1679C34915A1F57867d98cC0F0c555ED261C534A,0.006,67.18,0.00004475,0.55,0.594006,1.10,0.79,3.03
0x95EF3bD90311636b6CA71E5D12ecC017a316aF9f,0.005,62.02,0.00004918,0.54,0.495005,1.10,0.78,2.92
0xf98C2efb0dA10e97D39aee89652D0D717DbCE955,0.005,65.75,0.00004476,0.54,0.495005,1.10,0.78,2.92
0x4ece2e6A27c94Ab9B2C55bEf5E1e9D168499a2D1,0.005,63.58,0.00004474,0.54,0.495005,1.09,0.78,2.91
0x3E1BA5FBf8cA235dfE6cb60e8E2685789773200c,0.005,65.50,0.00004475,0.54,0.495005,1.09,0.77,2.89
0x88d09402DB0684a339fA8a53331d0723465c4E52,0.005,62.51,0.00004696,0.54,0.495005,1.08,0.77,2.89
0xaD551f02A7521CfDa84f134Ec1009ED9F3176c9e,0.005,62.15,0.00004649,0.54,0.495005,1.08,0.77,2.88
0x63F56b31d5266274C0D6A8aD3C15A9D526fAd6C4,0.005,35.84,0.00011590,0.53,0.495005,1.08,0.77,2.88
0x9Ed4871954CEDf05b775a8F6d43Af64B6915A961,0.005,44.37,0.00004470,0.53,0.495005,1.08,0.77,2.87
0xa8a0cb4E2DBbeC8057e69B1d4D69E5cF74EAc819,0.005,48.69,0.00006698,0.53,0.495005,1.08,0.77,2.87
0xDd475a305cd9b4C328201941E4E373330fB9FF99,0.005,60.77,0.00004694,0.52,0.495005,1.06,0.76,2.83
0x9c6c8Def3Df4D7F452aFbd914318B4cA69Fcf3A5,0.005,60.97,0.00004693,0.52,0.495005,1.06,0.75,2.83
0x4BDC7C9Bc413bDebb4441553C3Fba993337F67d4,0.005,62.81,0.00004475,0.52,0.495005,1.05,0.75,2.82
0x1044F3E3983B896e5A62304EBBf8362D55DE16ed,0.005,61.29,0.00004473,0.52,0.495005,1.04,0.75,2.80
0xF57a70959d285feC3B9e6C11a397C6EeC03Ae7CE,0.005,28.00,0.00013375,0.51,0.495005,1.03,0.74,2.77
0x4CdB6060011e28c6cC709CE432c5762Ff30C5f47,0.005,62.14,0.00004471,0.51,0.495005,1.03,0.73,2.77
0xB2ed5aB39bF826AdDb452d6beCDfB8465588e57e,0.005,62.11,0.00004471,0.50,0.495005,1.00,0.72,2.71
0xEd18bF904Ec97b8263D420F4909e41112eAe36b9,0.005,61.93,0.00004470,0.49,0.495005,1.00,0.71,2.70
0xA7eC3d54dDFD48b79f826C94abE6EC793Ef2e787,0.005,61.58,0.00004470,0.49,0.495005,1.00,0.71,2.70
0xc8cf47a597B5133fADc46f816111bBDBD5558fE3,0.005,59.75,0.00004472,0.48,0.495005,0.97,0.69,2.64
0xdFE23AB72a3EAf394B7B05f7DC2DaEd23a767788,0.005,48.27,0.00006250,0.48,0.495005,0.97,0.69,2.63
0xd08daa7D0849FE3Efbf17F9Ae0c8a37C6CD6e9AC,0.005,37.47,0.00004960,0.48,0.495005,0.96,0.69,2.62
0x2EeD8F93aDFfc977da5cB824a46f9b12A819c16e,0.005,60.68,0.00004469,0.45,0.495005,0.92,0.65,2.52
0xCB2697D759D017F6Ca6E94EE3Ba029D2Bd1F5f5D,0.005,39.31,0.00004605,0.45,0.495005,0.91,0.65,2.51
0x5F727A8fd0680F6276772980fFccBaCD43d57Cd1,0.005,45.66,0.00005223,0.45,0.495005,0.91,0.65,2.50
0xE08a79Cd49F1b9aB99fB47D489A8186a6f32AA96,0.004,58.79,0.00004463,0.43,0.396004,0.86,0.61,2.30
0x3cEF4a96519c5f9bBF94505C62d7D081a54A0452,0.004,50.70,0.00004690,0.42,0.396004,0.85,0.61,2.27
0xafe775D6669C2bA2E9f3449da3602bB52C8cD209,0.004,38.37,0.00004517,0.42,0.396004,0.85,0.60,2.27
0xF8d1A0807Af85b4179E08C245e7358b08D611D66,0.004,36.82,0.00009807,0.41,0.396004,0.82,0.59,2.21
0xccfee862f8B6FF7ff6fF1214E1be6C9d41197B5f,0.004,57.74,0.00004464,0.40,0.396004,0.81,0.58,2.19
0x6F52ae7dF07407f7780C51aBFE4ba014b70aBc4c,0.004,57.73,0.00004464,0.40,0.396004,0.81,0.58,2.19
0x300B384e19f1514381871D97b559eAbCD473A497,0.004,57.08,0.00004465,0.40,0.396004,0.80,0.57,2.16
0x70dCeC40d13B4fC0E7A8b89983CFA37cf842a081,0.004,54.34,0.00004639,0.39,0.396004,0.79,0.56,2.13
0x043052ffCB3c31fc0280e7FfEBDB48fA4DA19716,0.004,49.43,0.00005356,0.39,0.396004,0.78,0.56,2.13
0xB9E2615D60a33DAa21EAF3280b453661f6Bdb650,0.004,55.20,0.00004467,0.38,0.396004,0.78,0.55,2.11
0x1CCCe5fa2e19b0ec2fb075234ac7aB17CD6e1a56,0.004,49.00,0.00005359,0.38,0.396004,0.78,0.55,2.11
0x92599f6142496EC8e97a60Ea64402a9D020fE9f6,0.004,50.86,0.00004734,0.37,0.396004,0.76,0.54,2.06
0x7B5846458F30D0EE361cEC4fF4E49C6116Cb25b3,0.004,39.18,0.00004466,0.37,0.396004,0.75,0.53,2.05
0x036a45d859211190338b5B2befE921Ef6442F2C4,0.004,48.70,0.00004912,0.37,0.396004,0.74,0.53,2.04
0xA7B330b0E3B9D160EfACB692f647861A4911cA9F,0.004,49.83,0.00004688,0.35,0.396004,0.71,0.51,1.96
0x9a5d87B0C9c1739Cc75EcA9d99e2e44d922407c9,0.004,38.64,0.00004463,0.35,0.396004,0.70,0.50,1.94
0x7C47e5D1425F2CcA75daA7F41eDA4b421e1D5295,0.003,49.29,0.00004688,0.35,0.297003,0.70,0.50,1.84
0x5da3eF4F406af94Ac903B163853d8B1F27C794e6,0.003,37.72,0.00004464,0.34,0.297003,0.69,0.49,1.83
0x65FF0a5Fc2398e3F9107246438C4b3F8281b2921,0.003,37.08,0.00004464,0.34,0.297003,0.69,0.49,1.82
0xb8EA25C26B2B00edB30d2751E44CfEF034437e87,0.003,49.01,0.00004466,0.33,0.297003,0.68,0.48,1.79
0xcF9215Aa9360Ea49DA16b68C4515D0b1c6648C39,0.003,48.23,0.00004466,0.33,0.297003,0.67,0.48,1.79
0xBA8541AFDFE44fD162b287e992b5996234b4E04a,0.003,47.16,0.00004465,0.33,0.297003,0.67,0.47,1.77
0xE6deADE40Afe4Acc33EB4de6C07D8ba05e5eFACb,0.003,44.30,0.00004907,0.33,0.297003,0.66,0.47,1.75
0x730661770d8023283250af8773D9B4708163E486,0.003,43.18,0.00004911,0.32,0.297003,0.65,0.46,1.73
0x0888E1d0Fe35991b5237561A22d4E413839489C7,0.003,45.83,0.00004466,0.32,0.297003,0.65,0.46,1.72
0x3e4bDa253E4b7865e21CCE4b4D408387a0788028,0.003,45.09,0.00004467,0.31,0.297003,0.63,0.45,1.69
0x3001535F4fe775c59D5AC8428ba08e2049ed45Eb,0.003,42.64,0.00004466,0.31,0.297003,0.62,0.44,1.67
0xAf11c116C01Fa28d752e05630F384a1bf5A0E6B7,0.003,42.95,0.00004661,0.30,0.297003,0.61,0.44,1.65
0xaA2E378695399BC002782ff9C78311FECb317Da4,0.003,39.66,0.00005351,0.30,0.297003,0.61,0.43,1.63
0xbF7a1E65cc653EA2f9B9be47Ba621fE057B840ee,0.003,43.16,0.00004460,0.28,0.297003,0.56,0.40,1.54
0x312675eD4209a7F559836904D236a10D977B83a5,0.003,43.42,0.00004460,0.28,0.297003,0.56,0.40,1.54
0x894230b2952ADA8a8453d1367Ea50C38EE62eFB9,0.003,36.69,0.00005350,0.26,0.297003,0.53,0.38,1.47
0x5eEE56F4B48cfb193C683Bd4678B46810A94AED8,0.003,36.73,0.00004904,0.26,0.297003,0.53,0.38,1.47
0xA2dA4800227d16c2804a366A1AFF60672B780033,0.002,40.34,0.00004637,0.24,0.198002,0.49,0.35,1.29
0x85cD8494a1658E8680BbdD83f51DCff1C5410F30,0.002,39.05,0.00004459,0.24,0.198002,0.49,0.35,1.27
0x571e820C3e69AfCe1FB8b8eaE52f0a30A7f93EB5,0.002,37.82,0.00004609,0.24,0.198002,0.49,0.35,1.27
0x2592BC6706f51E550D36C2412769F36b2B8ACafE,0.002,37.28,0.00004682,0.24,0.198002,0.48,0.34,1.26
0x585B72047ccdC9D2331EC6041ec858E8A634948D,0.002,25.61,0.00004906,0.22,0.198002,0.44,0.31,1.16
0xa107A2eDf3C07F9DE4bFC3Fd03F429c9F6Ffb7E3,0.002,26.44,0.00004457,0.21,0.198002,0.43,0.31,1.15
0x923860Fd5867E2f85555b17f8A4A2CD7Dd07978F,0.002,31.16,0.00000000,0.21,0.198002,0.42,0.30,1.12
0x409471a16787D8e10dDD886D4c6E9785b73C16D4,0.002,8.20,0.00000000,0.19,0.198002,0.38,0.27,1.03
0xd39004cE657e2Ec0175f9ea24Ef2fcFFfFc9D889,0.002,5.74,0.00000000,0.19,0.198002,0.38,0.27,1.03
0x253EcFa4Af7F0FfA02E3d6e67ac338ECCD831E74,0.002,31.16,0.00000000,0.18,0.198002,0.36,0.26,1.00
0x9a8B86D0151556E62CFb322F901cB5bf15119ec4,0.002,30.34,0.00000000,0.17,0.198002,0.35,0.25,0.96
0xa9160CB8afa248e1E19bF59B21D654A84eC025F3,0.002,8.20,0.00000000,0.17,0.198002,0.34,0.25,0.96
0x8516cFEbDe7545ff5F7d0001b71Df9fB68e3130E,0.002,3.28,0.00000000,0.16,0.198002,0.31,0.22,0.89
0x28F849315219d8983E2Da59a83DafAB88432Ce35,0.002,9.02,0.00000000,0.15,0.198002,0.31,0.22,0.89
0x7433E3e1370d42e4dC0009ab1085A9170599DCfC,0.001,10.66,0.00000000,0.15,0.099001,0.30,0.21,0.75
0x50A3153A47e645Ac00cbaf35719C42568825F5F7,0.001,22.96,0.00000000,0.14,0.099001,0.29,0.21,0.74
0x749a05ce712CA5369dD44e5d4F872B71578f3e2a,0.001,9.84,0.00000000,0.13,0.099001,0.26,0.19,0.68
0x9E9eb4e8eb04831C9b4eccD6197ff39b68aDF714,0.001,8.20,0.00000000,0.13,0.099001,0.26,0.19,0.68
0x0A8Aa4C3e4f2E51dC1BaD007F9428f70Ce291d1e,0.001,9.02,0.00000000,0.12,0.099001,0.25,0.18,0.64
0xA0827a1a33E4D6B66a7D22D9A39893Bb5Cc7816F,0.001,7.38,0.00000000,0.11,0.099001,0.22,0.16,0.58
0x63dD7C1f6cBDbbaCBba71D53b818D3802B67F0f0,0.001,22.96,0.00000000,0.08,0.099001,0.16,0.12,0.46
0x6b7d8C7682cc336DfE26CC3e5042459193808bec,0.001,22.14,0.00000000,0.07,0.099001,0.14,0.10,0.41
0x9f3F75BCd741544517C58b6491aBcbbCbdFF7764,0.001,4.10,0.00000000,0.07,0.099001,0.14,0.10,0.40
0x3828EC2df8545Bfbda7B3B3b6B91ED18b2419133,0.001,9.84,0.00000000,0.07,0.099001,0.13,0.09,0.39
0x7474022ACc363513d5881F8b0023e1Ba03537956,0.001,8.20,0.00000000,0.06,0.099001,0.12,0.08,0.36
0x5A68fa975f400679b88F8b43c4a8A0580E7F9cd9,0.001,20.50,0.00000000,0.05,0.099001,0.10,0.07,0.33
